2018-01-02,237.0859101584929,237.94453331190397,236.69642994374126,86655700.0,SPY
2018-01-03,238.07734421407596,239.56446301538605,238.07734421407596,90070400.0,SPY
2018-01-04,240.06018139193154,240.9099443435085,239.47596092101074,80636400.0,SPY
2018-01-05,241.2197841221426,242.14920990348782,240.72408677029455,83524000.0,SPY
2018-01-06,241.2197841221426,242.14920990348782,240.72408677029455,0.0,SPY
2018-01-07,241.2197841221426,242.14920990348782,240.72408677029455,0.0,SPY
2018-01-08,241.92787737147896,242.62717520941226,241.63578066187287,57319200.0,SPY
2018-01-09,242.8927400198624,243.64514641967594,242.60947669065388,57254000.0,SPY
2018-01-10,242.2553409553702,242.91039059135448,241.5826245099532,69574300.0,SPY
2018-01-11,243.20257878900077,244.41526794433594,243.03439286097088,62361500.0,SPY
2018-01-12,244.68077865980706,246.17670379600776,244.37979453521476,90816100.0,SPY
2018-01-13,244.68077865980706,246.17670379600776,244.37979453521476,0.0,SPY
2018-01-14,244.68077865980706,246.17670379600776,244.37979453521476,0.0,SPY
2018-01-15,244.68077865980706,246.17670379600776,244.37979453521476,0.0,SPY
2018-01-16,247.2743753888553,247.9293981882145,244.4683504266549,106555100.0,SPY
2018-01-17,246.10588707151092,247.89393580821957,245.16760112899854,113258800.0,SPY
2018-01-18,247.3894123023468,247.81428020492635,246.5927309580643,100728000.0,SPY
2018-01-19,247.67258276427566,248.21255493164062,247.088389553438,140920100.0,SPY
2018-01-20,247.67258276427566,248.21255493164062,247.088389553438,0.0,SPY
2018-01-21,247.67258276427566,248.21255493164062,247.088389553438,0.0,SPY
2018-01-22,248.00021246108778,250.23085021972656,247.94707695432132,91322400.0,SPY
2018-01-23,250.2751447035761,251.05410543425725,249.94763326305807,97084700.0,SPY
2018-01-24,251.40811192236998,252.01005317199684,249.47843139345346,134816100.0,SPY
2018-01-25,251.5320185803358,251.62937512994256,249.97409767885958,84587300.0,SPY
2018-01-26,251.61169693151265,253.71842364134463,251.35498790033435,107743100.0,SPY
2018-01-27,251.61169693151265,253.71842364134463,251.35498790033435,0.0,SPY
2018-01-28,251.61169693151265,253.71842364134463,251.35498790033435,0.0,SPY
2018-01-29,253.09873540363506,253.54132404751095,251.8329383653821,90118300.0,SPY
2018-01-30,250.15112324325892,252.0453887156423,248.92957418430285,131796400.0,SPY
2018-01-31,250.26631360816364,250.77084439264763,248.45168302253893,108364800.0,SPY
2018-02-01,248.79677743220415,250.55827152453875,248.45154533644848,90102500.0,SPY
2018-02-02,247.92044598076222,248.0532441863662,243.78668312259475,173174800.0,SPY
2018-02-03,247.92044598076222,248.0532441863662,243.78668312259475,0.0,SPY
2018-02-04,247.92044598076222,248.0532441863662,243.78668312259475,0.0,SPY
2018-02-05,242.05184778026043,244.17626881288984,233.07613312454137,294681800.0,SPY
2018-02-06,230.09298650303026,238.73232548194565,228.99537530974635,355026800.0,SPY
2018-02-07,237.6701560116616,241.08692815582765,236.85578083511615,167376100.0,SPY
2018-02-08,237.23644125937324,237.37807290746164,228.01287940199202,246449500.0,SPY
2018-02-09,230.85425722087248,233.3416035764888,223.87906842981243,283565300.0,SPY
2018-02-10,230.85425722087248,233.3416035764888,223.87906842981243,0.0,SPY
2018-02-11,230.85425722087248,233.3416035764888,223.87906842981243,0.0,SPY
2018-02-12,233.53635922043264,236.35124409558412,231.615539244688,143736000.0,SPY
2018-02-13,233.66036568528838,236.00608125922824,233.07614514382934,81223600.0,SPY
2018-02-14,233.9612734349906,238.9979357986399,233.95241301527872,120735700.0,SPY
2018-02-15,240.38768672310522,241.6888988724391,237.90917324112442,111200300.0,SPY
2018-02-16,241.05150752666998,243.70703963275955,241.00723245015345,160420100.0,SPY
2018-02-17,241.05150752666998,243.70703963275955,241.00723245015345,0.0,SPY
2018-02-18,241.05150752666998,243.70703963275955,241.00723245015345,0.0,SPY
2018-02-19,241.05150752666998,243.70703963275955,241.00723245015345,0.0,SPY
2018-02-20,240.79480291541992,242.24650679301067,239.44048259716516,86369700.0,SPY
2018-02-21,240.67969763261075,243.17590405169994,238.94475772323253,98883700.0,SPY
2018-02-22,239.9717012907348,241.6977817517038,238.67934929716367,110511300.0,SPY
2018-02-23,240.58244116379396,243.16714477539062,240.10443766880846,92766400.0,SPY
2018-02-24,240.58244116379396,243.16714477539062,240.10443766880846,0.0,SPY
2018-02-25,240.58244116379396,243.16714477539062,240.10443766880846,0.0,SPY
2018-02-26,244.2469832063501,246.0881672483072,243.6539295008845,86491400.0,SPY
2018-02-27,246.17668168326605,246.89370025277262,242.85726632626165,99099200.0,SPY
2018-02-28,244.0257453518368,244.47719455562333,240.1398298770944,121907800.0,SPY
2018-03-01,240.24600627239835,241.803927172463,235.45719319917455,176855100.0,SPY
2018-03-02,235.28022716776337,238.7501357160527,234.4127702908012,139083200.0,SPY
2018-03-03,235.28022716776337,238.7501357160527,234.4127702908012,0.0,SPY
2018-03-04,235.28022716776337,238.7501357160527,234.4127702908012,0.0,SPY
2018-03-05,236.98857837319935,241.55609744877376,236.8823343834178,97307400.0,SPY
2018-03-06,241.91895478763198,241.99864451961363,240.04238316007158,79213200.0,SPY
2018-03-07,239.3697946101281,241.81286698986435,239.17505441192247,87063500.0,SPY
2018-03-08,242.14028766954476,242.75106228884854,241.14005981333247,66901200.0,SPY
2018-03-09,244.04345910683665,246.84945678710938,243.72478114474626,113625300.0,SPY
2018-03-10,244.04345910683665,246.84945678710938,243.72478114474626,0.0,SPY
2018-03-11,244.04345910683665,246.84945678710938,243.72478114474626,0.0,SPY
2018-03-12,247.1415836002588,247.77005209910882,246.15016204959065,71924800.0,SPY
2018-03-13,247.70803820414832,248.21259580096068,244.33551450077354,91968900.0,SPY
2018-03-14,245.911104210368,246.09698388009483,243.13166152792888,105895100.0,SPY
2018-03-15,244.20284992762586,244.84901241749526,242.91933134302496,83433000.0,SPY
2018-03-16,243.9544569963715,244.74543346368802,243.63452974330383,100343700.0,SPY
2018-03-17,243.9544569963715,244.74543346368802,243.63452974330383,0.0,SPY
2018-03-18,243.9544569963715,244.74543346368802,243.63452974330383,0.0,SPY
2018-03-19,242.9322784074564,243.86542609778178,238.72861160612536,109208400.0,SPY
2018-03-20,240.79057308663496,241.4393505361572,240.1151350362649,59757300.0,SPY
2018-03-21,240.75502689543302,242.86129581767798,240.12404123388228,78709600.0,SPY
2018-03-22,238.09768891476452,238.95085506648576,234.05398457579776,148785900.0,SPY
2018-03-23,234.7738279324517,235.1026509084258,229.13930357921686,183534800.0,SPY
2018-03-24,234.7738279324517,235.1026509084258,229.13930357921686,0.0,SPY
2018-03-25,234.7738279324517,235.1026509084258,229.13930357921686,0.0,SPY
2018-03-26,232.9608465687235,235.89362013754916,230.54352014580505,141956100.0,SPY
2018-03-27,236.55135824819655,237.08457022779396,230.03700497355243,129941400.0,SPY
2018-03-28,231.73441528056546,233.41411399361385,229.80587532725002,146452300.0,SPY
2018-03-29,232.0633100516675,235.74263572930326,230.92574586991105,111601600.0,SPY
2018-03-30,232.0633100516675,235.74263572930326,230.92574586991105,0.0,SPY
2018-03-31,232.0633100516675,235.74263572930326,230.92574586991105,0.0,SPY
2018-04-01,232.0633100516675,235.74263572930326,230.92574586991105,0.0,SPY
2018-04-02,233.33411117150956,233.8495854751294,226.33098620312416,186286300.0,SPY
2018-04-03,230.0636447909927,232.23213038436833,228.25953876520595,119956900.0,SPY
2018-04-04,228.17953626214546,234.94270248797312,228.0462332913881,123715300.0,SPY
2018-04-05,236.0002675909047,236.9689990591677,234.90715618777824,82652600.0,SPY
2018-04-06,234.10737707814053,235.60929369136565,229.29048746225988,179521200.0,SPY
2018-04-07,234.10737707814053,235.60929369136565,229.29048746225988,0.0,SPY
2018-04-08,234.10737707814053,235.60929369136565,229.29048746225988,0.0,SPY
2018-04-09,232.28544231452105,235.36931109609853,231.01457539251095,105442900.0,SPY
2018-04-10,234.86268001002324,236.4357361573785,233.71624753849383,103529000.0,SPY
2018-04-11,234.15182392174728,236.0803645513617,234.0807380231688,91140200.0,SPY
2018-04-12,235.74261413631612,237.2889831000572,235.56485873102008,68890500.0,SPY
2018-04-13,237.65328161543144,237.76881987728893,234.631630607966,85079200.0,SPY
2018-04-14,237.65328161543144,237.76881987728893,234.631630607966,0.0,SPY
2018-04-15,237.65328161543144,237.76881987728893,234.631630607966,0.0,SPY
2018-04-16,237.28897829408177,238.355456460924,236.4624726316956,63405300.0,SPY
2018-04-17,239.35963164987197,240.72827196631607,238.84418450614248,64682000.0,SPY
2018-04-18,240.5683332378651,241.11044102907053,239.83957416493683,57303900.0,SPY
2018-04-19,239.64411515839757,239.84853118117883,237.92888653789427,77655900.0,SPY
2018-04-20,238.89755313529608,239.11973381617202,236.05362957141818,99953100.0,SPY
2018-04-21,238.89755313529608,239.11973381617202,236.05362957141818,0.0,SPY
2018-04-22,238.89755313529608,239.11973381617202,236.05362957141818,0.0,SPY
2018-04-23,237.5200354025626,238.0799350381296,235.82257180581618,65558000.0,SPY
2018-04-24,237.9377414762592,238.15992215428597,232.20546913450184,112885500.0,SPY
2018-04-25,233.6540943845802,234.73833719162766,231.82332774472928,103840900.0,SPY
2018-04-26,235.3248715879525,237.51112165250322,234.88051027522565,67731900.0,SPY
2018-04-27,237.28894357155957,237.5911060128939,235.95585961891035,57053600.0,SPY
2018-04-28,237.28894357155957,237.5911060128939,235.95585961891035,0.0,SPY
2018-04-29,237.28894357155957,237.5911060128939,235.95585961891035,0.0,SPY
2018-04-30,237.5200372270754,238.07993686694329,235.0049368006314,82182300.0,SPY
2018-05-01,234.50723243030998,235.60037101218845,232.94307194664552,74203400.0,SPY
2018-05-02,235.2982553629878,236.1158651444467,233.520809776917,86368900.0,SPY
2018-05-03,233.0764046600287,234.05397785166107,230.22358550191518,136311500.0,SPY
2018-05-04,232.41874717885847,237.10233309395733,232.08992412436334,91222100.0,SPY
2018-05-05,232.41874717885847,237.10233309395733,232.08992412436334,0.0,SPY
2018-05-06,232.41874717885847,237.10233309395733,232.08992412436334,0.0,SPY
2018-05-07,237.1912043952279,238.19543822158042,236.49797468173318,55304900.0,SPY
2018-05-08,236.84458953848053,237.58221741476837,235.6448085198629,67499200.0,SPY
2018-05-09,237.89326053625578,239.83956521207637,237.36891745359867,59666100.0,SPY
2018-05-10,240.2572577584358,242.07915531084598,240.15061538886266,72063900.0,SPY
2018-05-11,241.8747096265147,242.7545361890166,241.35923540805257,59871500.0,SPY
2018-05-12,241.8747096265147,242.7545361890166,241.35923540805257,0.0,SPY
2018-05-13,241.8747096265147,242.7545361890166,241.35923540805257,0.0,SPY
2018-05-14,242.92348859320015,243.58113479085745,242.05253047931987,54790600.0,SPY
2018-05-15,241.36817414697123,241.38593883564917,239.9817690235548,87036100.0,SPY
2018-05-16,240.9683037301778,242.40803027126395,240.94161601040483,53942600.0,SPY
2018-05-17,241.6792837484304,242.82574377037312,240.95942044019537,56536400.0,SPY
2018-05-18,241.3948679277097,241.75924750816756,240.78164706323983,64368000.0,SPY
2018-05-19,241.3948679277097,241.75924750816756,240.78164706323983,0.0,SPY
2018-05-20,241.3948679277097,241.75924750816756,240.78164706323983,0.0,SPY
2018-05-21,242.6301461503692,243.49220808775854,242.23910606815184,58025900.0,SPY
2018-05-22,243.4744851565388,243.73222235674393,241.9458808904375,52966400.0,SPY
2018-05-23,240.99493025580148,242.967895601742,240.8349395681157,64694200.0,SPY
2018-05-24,242.54130081610177,242.81680266690321,240.64831723876975,76043800.0,SPY
2018-05-25,241.8659210205078,242.49690665729042,241.35934248090643,56374800.0,SPY
2018-05-26,241.8659210205078,242.49690665729042,241.35934248090643,0.0,SPY
2018-05-27,241.8659210205078,242.49690665729042,241.35934248090643,0.0,SPY
2018-05-28,241.8659210205078,242.49690665729042,241.35934248090643,0.0,SPY
2018-05-29,240.23061200874662,240.99492757401202,237.96438015031555,115908600.0,SPY
2018-05-30,240.3995119325405,242.719065369386,240.3284260436909,69678400.0,SPY
2018-05-31,241.8658588756206,242.16802131590256,240.18618720439704,93519900.0,SPY
2018-06-01,242.09692842686027,243.45667292957708,242.02581543022873,71258400.0,SPY
2018-06-02,242.09692842686027,243.45667292957708,242.02581543022873,0.0,SPY
2018-06-03,242.09692842686027,243.45667292957708,242.02581543022873,0.0,SPY
2018-06-04,243.98108289087327,244.56764322638998,243.7411374852083,45385200.0,SPY
2018-06-05,244.4431727131757,244.8697693815731,243.6699882880582,51135000.0,SPY
2018-06-06,245.10081634400737,246.6382891023098,244.47869966799232,62732200.0,SPY
2018-06-07,247.02044864284295,247.31371515677444,245.58959120499193,72969400.0,SPY
2018-06-08,246.04283395534353,247.2870400532925,245.873974507587,72139700.0,SPY
2018-06-09,246.04283395534353,247.2870400532925,245.873974507587,0.0,SPY
2018-06-10,246.04283395534353,247.2870400532925,245.873974507587,0.0,SPY
2018-06-11,247.4559491688854,248.28245476537916,247.34041087916094,58892500.0,SPY
2018-06-12,247.98034537584599,248.24695139252654,247.23382140747037,72329000.0,SPY
2018-06-13,248.12245892149596,248.38019606338864,246.88712151868336,79070600.0,SPY
2018-06-14,247.96247952694245,248.24685012150417,247.1181822824306,77097600.0,SPY
2018-06-15,246.92450707824656,247.73687945983525,245.80861544036895,120041600.0,SPY
2018-06-16,246.92450707824656,247.73687945983525,245.80861544036895,0.0,SPY
2018-06-17,246.92450707824656,247.73687945983525,245.80861544036895,0.0,SPY
2018-06-18,245.9335841531478,247.01378688714274,245.45153857495595,52917600.0,SPY
2018-06-19,244.6034198075587,246.16566792676755,244.18384350866194,97531500.0,SPY
2018-06-20,246.6299399838251,247.0316719417853,246.02290136404557,53785500.0,SPY
2018-06-21,246.353171316752,246.37104301976845,244.31778594470416,71061400.0,SPY
2018-06-22,246.08539222117082,246.20144932830485,245.0409055004169,54898500.0,SPY
2018-06-23,246.08539222117082,246.20144932830485,245.0409055004169,0.0,SPY
2018-06-24,246.08539222117082,246.20144932830485,245.0409055004169,0.0,SPY
2018-06-25,244.10360787525033,244.2642897841043,240.2292341377373,137854200.0,SPY
2018-06-26,242.49669944324208,243.3179805771936,241.73788754700536,68547400.0,SPY
2018-06-27,243.05016134884588,244.48741685986784,240.3005887939629,105110700.0,SPY
2018-06-28,240.39878636576628,242.59485358514212,239.68459933756924,76650500.0,SPY
2018-06-29,242.92515365849894,244.2999398525434,242.05922061492836,97592500.0,SPY
2018-06-30,242.92515365849894,244.2999398525434,242.05922061492836,0.0,SPY
2018-07-01,242.92515365849894,244.2999398525434,242.05922061492836,0.0,SPY
2018-07-02,240.59522973743017,242.85379385558556,240.35417965097446,63554800.0,SPY
2018-07-03,243.5946753546089,243.69288798482373,241.40754410182765,42187100.0,SPY
2018-07-04,243.5946753546089,243.69288798482373,241.40754410182765,0.0,SPY
2018-07-05,242.9698039600478,243.87142591615952,241.8896011934719,56925900.0,SPY
2018-07-06,243.83567837764105,246.24598749218944,243.4517910251934,66493700.0,SPY
2018-07-07,243.83567837764105,246.24598749218944,243.4517910251934,0.0,SPY
2018-07-08,243.83567837764105,246.24598749218944,243.4517910251934,0.0,SPY
2018-07-09,246.8799294857201,248.13865890188907,246.83530470413268,50550400.0,SPY
2018-07-10,248.54036231744672,249.07599585215777,248.24575161380167,51966800.0,SPY
2018-07-11,247.4154648980248,248.20999274525062,246.85305120723723,77054700.0,SPY
2018-07-12,248.42434532481485,249.45096054011907,247.81730660105592,60124700.0,SPY
2018-07-13,249.21882560765826,249.89726930352268,248.763533030648,48216000.0,SPY
2018-07-14,249.21882560765826,249.89726930352268,248.763533030648,0.0,SPY
2018-07-15,249.21882560765826,249.89726930352268,248.763533030648,0.0,SPY
2018-07-16,249.63845116110218,249.7812613668532,248.9242639150583,48201000.0,SPY
2018-07-17,248.5938612097256,250.77208373140252,248.54030059390126,52315500.0,SPY
2018-07-18,250.45971012182434,251.01318816102804,250.01335334911744,44593500.0,SPY
2018-07-19,250.2365168351547,250.62037709839643,249.4777049180453,61412100.0,SPY
2018-07-20,249.754489519327,250.3883358298389,249.5134666400569,82337700.0,SPY
2018-07-21,249.754489519327,250.3883358298389,249.5134666400569,0.0,SPY
2018-07-22,249.754489519327,250.3883358298389,249.5134666400569,0.0,SPY
2018-07-23,249.46880104972345,250.34364285295118,249.12062970426848,47047600.0,SPY
2018-07-24,251.55774282517402,252.24512240715305,250.5221919040609,68026900.0,SPY
2018-07-25,251.14692204297864,253.86077703705112,251.1022972928879,78882900.0,SPY
2018-07-26,252.81647104568265,253.62881634663748,252.71825839527207,57919500.0,SPY
2018-07-27,253.27169567976298,253.36990831438337,250.2989722257069,76768700.0,SPY
2018-07-28,253.27169567976298,253.36990831438337,250.2989722257069,0.0,SPY
2018-07-29,253.27169567976298,253.36990831438337,250.2989722257069,0.0,SPY
2018-07-30,251.3077306710021,251.46841252713094,249.38837527459845,63742500.0,SPY
2018-07-31,250.6828020978669,251.7629774873139,250.29894194408476,68570500.0,SPY
2018-08-01,251.35238831863214,251.86124150638543,250.07581466664888,53853300.0,SPY
2018-08-02,249.41522813450783,252.26295902469522,249.20989422985608,63426400.0,SPY
2018-08-03,252.21834348556337,253.22711409719744,252.03978988859217,53935400.0,SPY
2018-08-04,252.21834348556337,253.22711409719744,252.03978988859217,0.0,SPY
2018-08-05,252.21834348556337,253.22711409719744,252.03978988859217,0.0,SPY
2018-08-06,253.20929143009351,254.41443296129404,252.81649527770972,39400900.0,SPY
2018-08-07,254.77148008141944,255.32495800826175,254.63755128203195,43196600.0,SPY
2018-08-08,254.77145411573943,255.23565521016312,254.3697222454201,42114600.0,SPY
2018-08-09,254.89646513549226,255.28926122502727,254.3519230188585,35717000.0,SPY
2018-08-10,253.03956461929687,253.58410658837886,252.06648326790256,77076000.0,SPY
2018-08-11,253.03956461929687,253.58410658837886,252.06648326790256,0.0,SPY
2018-08-12,253.03956461929687,253.58410658837886,252.06648326790256,0.0,SPY
2018-08-13,253.05745507240084,253.67342946497885,251.53983147607397,65732900.0,SPY
2018-08-14,252.56644263755783,253.6823341910466,252.17364663125406,43842000.0,SPY
2018-08-15,252.08446171454167,252.22729915464987,250.10263650365673,102925400.0,SPY
2018-08-16,252.99497336433652,254.45903642444412,252.95925719999335,69967900.0,SPY
2018-08-17,253.37880524474818,254.92320906926975,252.9681647528183,65618500.0,SPY
2018-08-18,253.37880524474818,254.92320906926975,252.9681647528183,0.0,SPY
2018-08-19,253.37880524474818,254.92320906926975,252.9681647528183,0.0,SPY
2018-08-20,254.93214656012432,255.28922643555376,254.4768540539691,39807500.0,SPY
2018-08-21,255.53919642123466,256.48547039269846,255.05712358409951,67272000.0,SPY
2018-08-22,255.20886371266803,255.99445571759415,254.94103339638184,44993300.0,SPY
2018-08-23,255.2892218936298,256.1551548789504,254.80714908648025,49204900.0,SPY
2018-08-24,255.7087917256957,256.80683885752967,255.65523110886937,57487400.0,SPY
2018-08-25,255.7087917256957,256.80683885752967,255.65523110886937,0.0,SPY
2018-08-26,255.7087917256957,256.80683885752967,255.65523110886937,0.0,SPY
2018-08-27,257.86918239877394,258.79761197284716,257.7085005234876,57072400.0,SPY
2018-08-28,259.1547600581614,259.26190857998876,258.3513232269358,46943500.0,SPY
2018-08-29,259.02968081501746,260.44015576794226,258.78865804429665,61485500.0,SPY
2018-08-30,259.72604326625094,260.100967644401,258.55659087150667,61229500.0,SPY
2018-08-31,258.744028381355,259.60996140147194,258.2530469470763,66140800.0,SPY
2018-09-01,258.744028381355,259.60996140147194,258.2530469470763,0.0,SPY
2018-09-02,258.744028381355,259.60996140147194,258.2530469470763,0.0,SPY
2018-09-03,258.744028381355,259.60996140147194,258.2530469470763,0.0,SPY
2018-09-04,258.74409599099647,259.07439565055813,257.7085449880602,57594400.0,SPY
2018-09-05,258.36026215917684,258.5655961074691,257.0033472112408,72452400.0,SPY
2018-09-06,258.12794825961225,258.4314673983569,256.20862083445286,65909900.0,SPY
2018-09-07,256.1908763529805,257.72634434096216,255.94982632268187,73524800.0,SPY
2018-09-08,256.1908763529805,257.72634434096216,255.94982632268187,0.0,SPY
2018-09-09,256.1908763529805,257.72634434096216,255.94982632268187,0.0,SPY
2018-09-10,257.76202668481704,258.02985701793557,256.99430633212853,50210900.0,SPY
2018-09-11,256.53906626382576,258.485175095678,256.19092217610506,50530500.0,SPY
2018-09-12,258.0476967072744,258.70829581188633,257.30675667724586,59810800.0,SPY
2018-09-13,259.17251187714083,259.81526649348336,258.88683710466734,51034200.0,SPY
2018-09-14,259.8331366931279,260.02059886212874,258.8868627535735,55079900.0,SPY
2018-09-15,259.8331366931279,260.02059886212874,258.8868627535735,0.0,SPY
2018-09-16,259.8331366931279,260.02059886212874,258.8868627535735,0.0,SPY
2018-09-17,259.6188939768274,259.65458289430546,258.0209295076099,68244000.0,SPY
2018-09-18,258.5119252312873,260.2973519680675,258.4851449199736,61930400.0,SPY
2018-09-19,259.75277383731645,260.39552846308294,259.6277809062345,49080600.0,SPY
2018-09-20,261.24357737795776,262.4040935226512,259.99375723020535,100360600.0,SPY
2018-09-21,262.82975812096424,262.9463405779948,261.6819135211442,105479700.0,SPY
2018-09-22,262.82975812096424,262.9463405779948,261.6819135211442,0.0,SPY
2018-09-23,262.82975812096424,262.9463405779948,261.6819135211442,0.0,SPY
2018-09-24,261.2605093299435,261.40399336503236,260.39065618187914,53409600.0,SPY
2018-09-25,261.4308211291793,261.53842728343164,260.48923991269794,44370000.0,SPY
2018-09-26,260.87485844553476,262.067529905459,259.52972667714494,79739700.0,SPY
2018-09-27,260.4265220964852,261.7716540761646,260.14853034336056,59249500.0,SPY
2018-09-28,260.0498880222129,261.20670925381296,260.01403753811275,70091400.0,SPY
2018-09-29,260.0498880222129,261.20670925381296,260.01403753811275,0.0,SPY
2018-09-30,260.0498880222129,261.20670925381296,260.01403753811275,0.0,SPY
2018-10-01,261.95097325233075,262.6863185928696,260.93766354171925,62078900.0,SPY
2018-10-02,261.45782470703125,262.1752175932064,261.0812030201638,47258200.0,SPY
2018-10-03,262.5159065549928,262.9373822694521,261.24253047592066,64694600.0,SPY
2018-10-04,261.1169847935505,261.17078787751586,257.9604186115469,111545900.0,SPY
2018-10-05,259.78083905612795,260.30094467632426,256.6690995378739,105951700.0,SPY
2018-10-06,259.78083905612795,260.30094467632426,256.6690995378739,0.0,SPY
2018-10-07,259.78083905612795,260.30094467632426,256.6690995378739,0.0,SPY
2018-10-08,257.41339380530235,258.4626087157315,256.023435139174,87742200.0,SPY
2018-10-09,257.71825443474444,259.03645710139944,257.16224373099027,74339000.0,SPY
2018-10-10,257.21621324874894,257.28796897098266,249.1902727732862,214731000.0,SPY
2018-10-11,248.47274298254746,250.10484285988383,242.44655120734797,274840500.0,SPY
2018-10-12,248.19471419751517,248.48168218367084,244.2490001715815,183186500.0,SPY
2018-10-13,248.19471419751517,248.48168218367084,244.2490001715815,0.0,SPY
2018-10-14,248.19471419751517,248.48168218367084,244.2490001715815,0.0,SPY
2018-10-15,247.10065903870753,248.43684167742933,245.9797160610927,102263700.0,SPY
2018-10-16,248.04235529644905,251.82666122211617,247.56707640049763,118255800.0,SPY
2018-10-17,251.48585096754007,252.12253904237102,248.90319345634532,110626000.0,SPY
2018-10-18,250.55325540833013,251.1540930932026,246.58063869179836,134557500.0,SPY
2018-10-19,248.51761831226526,250.46356055997816,247.0290023225549,139901600.0,SPY
2018-10-20,248.51761831226526,250.46356055997816,247.0290023225549,0.0,SPY
2018-10-21,248.51761831226526,250.46356055997816,247.0290023225549,0.0,SPY
2018-10-22,248.40101845103294,248.72383696350795,246.07842737480019,82415800.0,SPY
2018-10-23,242.97554370494797,246.49080458702372,240.87711494733176,146352700.0,SPY
2018-10-24,245.10992677163392,245.4955520546709,237.3709574355914,177806700.0,SPY
2018-10-25,239.77419882158696,243.74681429478395,238.74293672216368,138061500.0,SPY
2018-10-26,238.46491539394162,243.0204151945871,235.20969290767053,201574600.0,SPY
2018-10-27,238.46491539394162,243.0204151945871,235.20969290767053,0.0,SPY
2018-10-28,238.46491539394162,243.0204151945871,235.20969290767053,0.0,SPY
2018-10-29,241.04763052758838,242.34793567124103,233.021693111365,160749100.0,SPY
2018-10-30,236.44726049245142,240.43780141909775,235.9540291194226,157116000.0,SPY
2018-10-31,242.70658490481827,245.02022669677612,242.23130614395464,128296300.0,SPY
2018-11-01,243.55854256218097,245.46863414262967,242.46450091063076,99495000.0,SPY
2018-11-02,246.38337002536227,246.81382216170704,241.75611218509397,122634100.0,SPY
2018-11-03,246.38337002536227,246.81382216170704,241.75611218509397,0.0,SPY
2018-11-04,246.38337002536227,246.81382216170704,241.75611218509397,0.0,SPY
2018-11-05,244.3117990817488,245.7197102200329,243.33433995711144,65622500.0,SPY
2018-11-06,245.10097109300546,246.87652766636725,245.0381917036822,60085900.0,SPY
2018-11-07,248.90318000735877,252.07769864057167,248.4727279898258,102752100.0,SPY
2018-11-08,251.18987969829038,252.18529138374913,250.39178245629677,65584900.0,SPY
2018-11-09,250.2213724781138,250.40968323440595,247.6656170327764,98812600.0,SPY
2018-11-10,250.2213724781138,250.40968323440595,247.6656170327764,0.0,SPY
2018-11-11,250.2213724781138,250.40968323440595,247.6656170327764,0.0,SPY
2018-11-12,248.5714075989599,248.81352148681145,243.90827277285172,99673600.0,SPY
2018-11-13,244.89461832033794,246.90333911144967,243.24459376095783,98176600.0,SPY
2018-11-14,245.85422560873872,246.25774872779644,240.73376489722332,125335900.0,SPY
2018-11-15,241.0296937943665,245.29825433264102,239.4424480472042,135101400.0,SPY
2018-11-16,243.72893709867515,246.38332301605928,243.20880411231732,126668000.0,SPY
2018-11-17,243.72893709867515,246.38332301605928,243.20880411231732,0.0,SPY
2018-11-18,243.72893709867515,246.38332301605928,243.20880411231732,0.0,SPY
2018-11-19,244.8588298599507,245.1547742000552,240.39300951635818,103061700.0,SPY
2018-11-20,237.962797069379,239.43348780845145,235.9809769865467,136021300.0,SPY
2018-11-21,238.41115323380933,239.56797427428896,237.648933754274,75563700.0,SPY
2018-11-22,238.41115323380933,239.56797427428896,237.648933754274,0.0,SPY
2018-11-23,236.00783829393833,237.4785287822725,235.90920843684947,42807900.0,SPY
2018-11-24,236.00783829393833,237.4785287822725,235.90920843684947,0.0,SPY
2018-11-25,236.00783829393833,237.4785287822725,235.90920843684947,0.0,SPY
2018-11-26,238.33940189593758,240.10600929616766,237.94482773987176,79981400.0,SPY
2018-11-27,238.8415614332091,240.68887329101562,238.23177501479714,75502400.0,SPY
2018-11-28,241.76501513110534,246.2308349609375,240.62611941805568,127629600.0,SPY
2018-11-29,245.45074504534827,247.1007705691337,244.30290001285476,82346400.0,SPY
2018-11-30,245.54038915252212,247.75537423833464,245.21757061375436,98204200.0,SPY
2018-12-01,245.54038915252212,247.75537423833464,245.21757061375436,0.0,SPY
2018-12-02,245.54038915252212,247.75537423833464,245.21757061375436,0.0,SPY
2018-12-03,251.34239141799966,251.4499975969769,248.8583908973414,103176300.0,SPY
2018-12-04,249.62954245476013,250.05999446105452,242.03403084645882,177986000.0,SPY
2018-12-05,249.62954245476013,250.05999446105452,242.03403084645882,0.0,SPY
2018-12-06,238.46497742467164,242.0968223361226,235.3442617982118,204185400.0,SPY
2018-12-07,241.63939708765864,243.21769335471288,235.5145774863257,161018900.0,SPY
2018-12-08,241.63939708765864,243.21769335471288,235.5145774863257,0.0,SPY
2018-12-09,241.63939708765864,243.21769335471288,235.5145774863257,0.0,SPY
2018-12-10,236.17821491831285,237.78341304515362,231.91863128441096,151445900.0,SPY
2018-12-11,240.02529857303153,240.21360934420878,235.38011710550055,121504400.0,SPY
2018-12-12,239.8548990310383,241.22693216017808,237.97170932892408,97976700.0,SPY
2018-12-13,239.0029876142789,239.8728405307356,236.8507823945557,96662700.0,SPY
2018-12-14,235.81051577111808,236.77004949184382,233.02162288389778,116961100.0,SPY
2018-12-15,235.81051577111808,236.77004949184382,233.02162288389778,0.0,SPY
2018-12-16,235.81051577111808,236.77004949184382,233.02162288389778,0.0,SPY
2018-12-17,232.61812156885068,233.73906474079655,227.35417681207716,165492300.0,SPY
2018-12-18,230.64525409342977,231.31781992686695,227.12996462928436,134515100.0,SPY
2018-12-19,228.82488703460015,232.61815544960447,223.6057819812213,214992800.0,SPY
2018-12-20,224.06305892181913,225.64134176790873,219.3909623939208,252053400.0,SPY
2018-12-21,222.55730247043007,225.2362173010123,216.45983345601465,255345600.0,SPY
2018-12-22,222.55730247043007,225.2362173010123,216.45983345601465,0.0,SPY
2018-12-23,222.55730247043007,225.2362173010123,216.45983345601465,0.0,SPY
2018-12-24,215.61197561901807,217.23556257103576,211.3094874002884,147311600.0,SPY
2018-12-25,215.61197561901807,217.23556257103576,211.3094874002884,0.0,SPY
2018-12-26,212.84290657280687,222.05223083496094,210.84949957152895,218485400.0,SPY
2018-12-27,218.79600653158454,223.95538340463196,215.53981783029226,186267300.0,SPY
2018-12-28,225.11895295182256,226.76056968851728,222.29571624702513,153100200.0,SPY
2018-12-29,225.11895295182256,226.76056968851728,222.29571624702513,0.0,SPY
2018-12-30,225.11895295182256,226.76056968851728,222.29571624702513,0.0,SPY
2018-12-31,225.10092653135382,225.66918540388036,223.21576818583068,144299400.0,SPY
2019-01-01,225.10092653135382,225.66918540388036,223.21576818583068,0.0,SPY
2019-01-02,221.87181089074002,226.58923518812233,221.8447522534414,126925200.0,SPY
2019-01-03,223.90126312996705,224.2079505863008,219.78818561793517,144140700.0,SPY
2019-01-04,223.32401879427337,228.30301453772492,222.94518410643286,142628800.0,SPY
2019-01-05,223.32401879427337,228.30301453772492,222.94518410643286,0.0,SPY
2019-01-06,223.32401879427337,228.30301453772492,222.94518410643286,0.0,SPY
2019-01-07,227.9241647328809,230.864651170118,227.02217350833402,103139100.0,SPY
2019-01-08,231.64937938021197,232.09134624594776,229.10575766900223,102512600.0,SPY
2019-01-09,232.31687155669513,233.53456528834633,231.0811479090408,95006600.0,SPY
2019-01-10,231.14424925820734,233.7600179560597,230.45872721024924,96823900.0,SPY
2019-01-11,232.42511207668443,233.62477592315074,231.83882323574355,73858100.0,SPY
2019-01-12,232.42511207668443,233.62477592315074,231.83882323574355,0.0,SPY
2019-01-13,232.42511207668443,233.62477592315074,231.83882323574355,0.0,SPY
2019-01-14,231.68546339558426,232.9843330208836,231.2795838417963,70908200.0,SPY
2019-01-15,232.55138311264062,235.14912223234737,232.54235439192615,85208300.0,SPY
2019-01-16,235.266382162577,236.29466547261706,235.0589417775127,77636700.0,SPY
2019-01-17,234.52677936658893,238.05356884293514,234.4816632832024,96118400.0,SPY
2019-01-18,239.00962940531736,240.81361173980105,237.22367698460755,127900300.0,SPY
2019-01-19,239.00962940531736,240.81361173980105,237.22367698460755,0.0,SPY
2019-01-20,239.00962940531736,240.81361173980105,237.22367698460755,0.0,SPY
2019-01-21,239.00962940531736,240.81361173980105,237.22367698460755,0.0,SPY
2019-01-22,238.86531944582313,239.08178852826552,235.47382367909339,115531200.0,SPY
2019-01-23,238.13473667306982,238.83828880004438,235.11306025245958,86030300.0,SPY
2019-01-24,237.41308339161276,238.3060733500999,236.39382898568007,59204100.0,SPY
2019-01-25,239.57789631532813,240.56109105710246,237.81902979382204,96883400.0,SPY
2019-01-26,239.57789631532813,240.56109105710246,237.81902979382204,0.0,SPY
2019-01-27,239.57789631532813,240.56109105710246,237.81902979382204,0.0,SPY
2019-01-28,237.57550833661566,237.97235919520583,236.1323167111025,85613700.0,SPY
2019-01-29,238.0535607576409,238.6217921656434,236.75469105759703,66136300.0,SPY
2019-01-30,239.11786164819753,242.20265599569603,238.35116365807676,92473700.0,SPY
2019-01-31,241.29171417622499,243.96160085735715,241.0752175347446,104012100.0,SPY
2019-02-01,243.67298806221373,244.62009561369135,242.7980552426213,85782500.0,SPY
2019-02-02,243.67298806221373,244.62009561369135,242.7980552426213,0.0,SPY
2019-02-03,243.67298806221373,244.62009561369135,242.7980552426213,0.0,SPY
2019-02-04,243.6368223007865,245.3686574630416,242.96032892166258,60744800.0,SPY
2019-02-05,245.73852944238965,246.64052080650748,245.23341648061103,79552800.0,SPY
2019-02-06,246.05414927213093,246.55023334511742,245.26942145320413,58347800.0,SPY
2019-02-07,244.38550714747916,244.9357085874691,241.995235882644,95482000.0,SPY
2019-02-08,242.41012196989178,244.06075366546824,241.58027799879957,75788900.0,SPY
2019-02-09,242.41012196989178,244.06075366546824,241.58027799879957,0.0,SPY
2019-02-10,242.41012196989178,244.06075366546824,241.58027799879957,0.0,SPY
2019-02-11,244.6200331224038,244.8815907605334,243.56469126929375,68021400.0,SPY
2019-02-12,245.72045545382838,247.61461495747793,245.64828074275226,72270200.0,SPY
2019-02-13,248.0745852724864,248.8863716725485,247.6506483986145,65277200.0,SPY
2019-02-14,246.94714207640388,248.62485997087765,246.1263268063369,83234400.0,SPY
2019-02-15,249.27432839443372,250.2214358739426,249.0668879908653,97088700.0,SPY
2019-02-16,249.27432839443372,250.2214358739426,249.0668879908653,0.0,SPY
2019-02-17,249.27432839443372,250.2214358739426,249.0668879908653,0.0,SPY
2019-02-18,249.27432839443372,250.2214358739426,249.0668879908653,0.0,SPY
2019-02-19,249.38259283341554,251.2767527570921,249.37356411088217,59120800.0,SPY
2019-02-20,250.5822432266756,251.58346805281886,250.07713021538345,76610800.0,SPY
2019-02-21,250.48300996921967,250.84380100543333,249.2653161362309,64214700.0,SPY
2019-02-22,250.85272209312663,251.98021092535978,250.21231614386141,78114600.0,SPY
2019-02-23,250.85272209312663,251.98021092535978,250.21231614386141,0.0,SPY
2019-02-24,250.85272209312663,251.98021092535978,250.21231614386141,0.0,SPY
2019-02-25,253.21595596107935,253.73909865545977,252.04335108668255,69030700.0,SPY
2019-02-26,251.772848568276,252.82816302717808,251.56538064932496,56844100.0,SPY
2019-02-27,251.22260826897858,252.18774557136425,250.2845571312597,56921600.0,SPY
2019-02-28,251.61951511098175,252.06150961835763,251.04225492450985,69268300.0,SPY
2019-03-01,252.9544770624548,253.351355491007,251.49325536032794,78880500.0,SPY
2019-03-02,252.9544770624548,253.351355491007,251.49325536032794,0.0,SPY
2019-03-03,252.9544770624548,253.351355491007,251.49325536032794,0.0,SPY
2019-03-04,254.00078000083641,254.24430776567283,249.7072921916213,106494600.0,SPY
2019-03-05,252.14265232989476,252.34109151429863,251.12339777030178,59114600.0,SPY
2019-03-06,251.79089241996357,251.7999211424237,249.82455778515973,75039800.0,SPY
2019-03-07,249.69818246085515,249.84250433909705,247.20870575928734,94885100.0,SPY
2019-03-08,246.18954505888917,247.73194270897582,245.72051942114308,85795800.0,SPY
2019-03-09,246.18954505888917,247.73194270897582,245.72051942114308,0.0,SPY
2019-03-10,246.18954505888917,247.73194270897582,245.72051942114308,0.0,SPY
2019-03-11,248.28205060259393,251.31272713926532,248.25499197375154,65098900.0,SPY
2019-03-12,251.70959312357067,252.62061279453917,251.5201827308968,79667500.0,SPY
2019-03-13,252.9905360270292,254.70431403434358,252.82815666878145,80639200.0,SPY
2019-03-14,253.79324649439,254.21718343766247,253.16186920279588,67518400.0,SPY
2019-03-15,254.1592594092792,255.67220446789284,253.96898697966446,81309000.0,SPY
2019-03-16,254.1592594092792,255.67220446789284,253.96898697966446,0.0,SPY
2019-03-17,254.1592594092792,255.67220446789284,253.96898697966446,0.0,SPY
2019-03-18,255.07426318768287,256.0798980384145,254.8477720899677,62199800.0,SPY
2019-03-19,256.8498880570213,257.61993541541875,254.9473579380567,90268100.0,SPY
2019-03-20,255.6268866008704,256.8408754280103,253.9599156301185,84609200.0,SPY
2019-03-21,254.24983996289302,258.3628980680716,254.20452515820386,79550400.0,SPY
2019-03-22,256.58718810102096,257.1126351848165,252.92708490217305,122659300.0,SPY
2019-03-23,256.58718810102096,257.1126351848165,252.92708490217305,0.0,SPY
2019-03-24,256.58718810102096,257.1126351848165,252.92708490217305,0.0,SPY
2019-03-25,252.6462058704955,253.84208512615007,251.5318877144891,85575200.0,SPY
2019-03-26,254.56694309770887,255.64504300986204,253.27142056389155,68125900.0,SPY
2019-03-27,254.6755900418748,255.2644889064454,251.79463044159382,72224700.0,SPY
2019-03-28,253.98711378212067,254.76622986053306,252.82748050756953,56238500.0,SPY
2019-03-29,255.8352451037486,256.2429124072712,254.70278984757456,82186800.0,SPY
2019-03-30,255.8352451037486,256.2429124072712,254.70278984757456,0.0,SPY
2019-03-31,255.8352451037486,256.2429124072712,254.70278984757456,0.0,SPY
2019-04-01,257.9280961154521,259.2507965025504,257.6562901852758,77617900.0,SPY
2019-04-02,259.14206794309905,259.3142033930689,258.28139069324993,40070400.0,SPY
2019-04-03,260.30169053190303,260.7003170682269,258.87931982946725,68243200.0,SPY
2019-04-04,259.8125159450582,260.42856521164214,259.1149331856479,48997500.0,SPY
2019-04-05,260.84527175957334,261.4884987164008,260.5553565277104,58621700.0,SPY
2019-04-06,260.84527175957334,261.4884987164008,260.5553565277104,0.0,SPY
2019-04-07,260.84527175957334,261.4884987164008,260.5553565277104,0.0,SPY
2019-04-08,261.0082444194567,261.742073077123,260.34688071965877,53566300.0,SPY
2019-04-09,260.6639289777423,260.9900627039852,259.7398557722306,66142300.0,SPY
2019-04-10,260.70930085595603,261.2710218690004,260.2925650765783,52601500.0,SPY
2019-04-11,261.66963406779877,261.6787025573254,260.53717879033087,55093100.0,SPY
2019-04-12,262.7295846649803,263.15538889086775,261.1532160042959,69727800.0,SPY
2019-04-13,262.7295846649803,263.15538889086775,261.1532160042959,0.0,SPY
2019-04-14,262.7295846649803,263.15538889086775,261.1532160042959,0.0,SPY
2019-04-15,262.947054006569,263.04672445053893,261.8961321630898,49596700.0,SPY
2019-04-16,263.59026160491123,263.64461723818795,262.27660262245445,52153200.0,SPY
2019-04-17,263.99805956433306,264.0252373944276,261.8146817205922,58268300.0,SPY
2019-04-18,262.8202648479676,263.0195781119303,261.51567396527366,68708500.0,SPY
2019-04-19,262.8202648479676,263.0195781119303,261.51567396527366,0.0,SPY
2019-04-20,262.8202648479676,263.0195781119303,261.51567396527366,0.0,SPY
2019-04-21,262.8202648479676,263.0195781119303,261.51567396527366,0.0,SPY
2019-04-22,261.97770456841306,263.1282692576249,261.88710261030786,40160100.0,SPY
2019-04-23,263.3457040902264,265.5743962423869,263.1101721655985,52246600.0,SPY
2019-04-24,265.25727672580047,265.5924790698789,264.6049813691655,50392900.0,SPY
2019-04-25,264.65036873617294,265.2483086768278,263.3910923466132,57770900.0,SPY
2019-04-26,264.6322499335441,265.89152627806726,263.853106045582,50916400.0,SPY
2019-04-27,264.6322499335441,265.89152627806726,263.853106045582,0.0,SPY
2019-04-28,264.6322499335441,265.89152627806726,263.853106045582,0.0,SPY
2019-04-29,265.9095534243429,266.7611619593013,265.818951477422,57197700.0,SPY
2019-04-30,265.89142211494794,266.66149720844487,264.46907934451207,81111700.0,SPY
2019-05-01,267.0058052876615,267.21418703431993,264.3603773102805,71671900.0,SPY
2019-05-02,264.25165768247064,265.1757589536227,262.2947714967696,65030200.0,SPY
2019-05-03,265.2844976235947,266.6615535343913,263.9074140649592,56543700.0,SPY
2019-05-04,265.2844976235947,266.6615535343913,263.9074140649592,0.0,SPY
2019-05-05,265.2844976235947,266.6615535343913,263.9074140649592,0.0,SPY
2019-05-06,262.05015538618255,265.7283679742448,261.73306237386663,107198100.0,SPY
2019-05-07,262.86548954244836,263.4634291922492,258.9336084948166,144729900.0,SPY
2019-05-08,260.4919128417969,262.21323947409326,259.89397308888283,91568300.0,SPY
2019-05-09,258.408213009131,260.3107159633202,256.6596808587533,103471100.0,SPY
2019-05-10,258.7614692776843,261.7692768118698,255.75366174349872,112429300.0,SPY
2019-05-11,258.7614692776843,261.7692768118698,255.75366174349872,0.0,SPY
2019-05-12,258.7614692776843,261.7692768118698,255.75366174349872,0.0,SPY
2019-05-13,255.86238026338418,256.8317407886918,253.60651096868574,127290500.0,SPY
2019-05-14,255.47280095807665,258.29036361146393,255.34598036430094,77003200.0,SPY
2019-05-15,255.11051383027777,258.8974384128037,254.9021320636245,73956400.0,SPY
2019-05-16,258.9607967964809,262.0138916464945,258.88833182743423,76749600.0,SPY
2019-05-17,258.3266874922882,261.4613163953693,258.3085505107098,100353000.0,SPY
2019-05-18,258.3266874922882,261.4613163953693,258.3085505107098,0.0,SPY
2019-05-19,258.3266874922882,261.4613163953693,258.3085505107098,0.0,SPY
2019-05-20,257.34820847262455,259.0695350570491,256.49659984650714,62877600.0,SPY
2019-05-21,258.95170294920274,259.94826897495756,258.69803411063145,46847100.0,SPY
2019-05-22,258.6075019208485,259.7308887248588,258.290408909055,49482500.0,SPY
2019-05-23,256.53280759465684,256.57809474224086,254.18636380448157,98733800.0,SPY
2019-05-24,257.05834729146926,257.47511084993386,255.563511460535,55268100.0,SPY
2019-05-25,257.05834729146926,257.47511084993386,255.563511460535,0.0,SPY
2019-05-26,257.05834729146926,257.47511084993386,255.563511460535,0.0,SPY
2019-05-27,257.05834729146926,257.47511084993386,255.563511460535,0.0,SPY
2019-05-28,256.4694147774466,257.42973466523796,253.7877683538689,70029400.0,SPY
2019-05-29,252.68249152202185,253.09015884458964,250.6893591189081,104972900.0,SPY
2019-05-30,252.86360265138114,253.7061701966661,251.68586049242953,62523800.0,SPY
2019-05-31,250.2273793089908,251.0608510774312,249.3576335751754,86862800.0,SPY
2019-06-01,250.2273793089908,251.0608510774312,249.3576335751754,0.0,SPY
2019-06-02,250.2273793089908,251.0608510774312,249.3576335751754,0.0,SPY
2019-06-03,249.42104564798572,250.5444326066641,247.40980366361234,96428000.0,SPY
2019-06-04,251.06080511622002,254.2860355904569,250.60782299739085,77231900.0,SPY
2019-06-05,255.7808921123633,256.37883187618837,253.95992264527067,71169700.0,SPY
2019-06-06,256.65065881702174,258.698119530173,255.99836335276706,69430400.0,SPY
2019-06-07,259.04232647134563,261.6877539921499,258.8701910685622,74272200.0,SPY
2019-06-08,259.04232647134563,261.6877539921499,258.8701910685622,0.0,SPY
2019-06-09,259.04232647134563,261.6877539921499,258.8701910685622,0.0,SPY
2019-06-10,262.158827865269,263.47248687276806,261.705845814108,60799100.0,SPY
2019-06-11,263.6265554215615,263.99800412007187,261.08079782859954,58641300.0,SPY
2019-06-12,261.4975482033696,262.05924164438494,260.75465084364913,47096300.0,SPY
2019-06-13,262.18599316344125,262.71146780048235,261.4793423032848,48945200.0,SPY
2019-06-14,262.0592346191406,262.6662151996423,261.28915945704205,52324700.0,SPY
2019-06-15,262.0592346191406,262.6662151996423,261.28915945704205,0.0,SPY
2019-06-16,262.0592346191406,262.6662151996423,261.28915945704205,0.0,SPY
2019-06-17,262.2948246884736,262.9290108797227,261.9868000849029,39205700.0,SPY
2019-06-18,263.98898643271485,265.9639822389526,263.62657854531994,85434800.0,SPY
2019-06-19,265.03978052661387,266.03634654411115,264.06135148532627,78674400.0,SPY
2019-06-20,268.2016687988333,268.4462691972053,265.5653094694826,116570000.0,SPY
2019-06-21,267.7673394530251,269.03274028402984,267.43050673791544,83309500.0,SPY
2019-06-22,267.7673394530251,269.03274028402984,267.43050673791544,0.0,SPY
2019-06-23,267.7673394530251,269.03274028402984,267.43050673791544,0.0,SPY
2019-06-24,267.8583739097016,268.1769814203463,267.16648330583905,47582700.0,SPY
2019-06-25,267.3757707146831,267.40308071264576,264.59003979330566,82028700.0,SPY
2019-06-26,265.60063709003066,266.11044243135495,264.32612373672,51584900.0,SPY
2019-06-27,265.1999827342916,265.8827604924106,264.8176427478319,40355200.0,SPY
2019-06-28,266.3562185486696,267.2392791440335,265.8373284200047,59350900.0,SPY
2019-06-29,266.3562185486696,267.2392791440335,265.8373284200047,0.0,SPY
2019-06-30,266.3562185486696,267.2392791440335,265.8373284200047,0.0,SPY
2019-07-01,270.0887548187865,270.30726266436454,267.9493782582353,78705600.0,SPY
2019-07-02,269.11460404120004,269.9157345081251,268.2679661632324,61504500.0,SPY
2019-07-03,270.54388108801885,272.0369019473119,270.3982184835292,40898900.0,SPY
2019-07-04,270.54388108801885,272.0369019473119,270.3982184835292,0.0,SPY
2019-07-05,270.7806908262027,271.87314689045996,269.47886726028634,51677300.0,SPY
2019-07-06,270.7806908262027,271.87314689045996,269.47886726028634,0.0,SPY
2019-07-07,270.7806908262027,271.87314689045996,269.47886726028634,0.0,SPY
2019-07-08,270.3892202203985,271.5271836363191,269.67001956248987,45841800.0,SPY
2019-07-09,269.05096397252623,270.8534801746024,268.9963439532093,41101300.0,SPY
2019-07-10,271.6272536032924,272.80163937906144,271.0901383185122,58448500.0,SPY
2019-07-11,272.4921143046416,272.72879175099376,271.4725037539752,50826100.0,SPY
2019-07-12,272.97459558402835,273.77572605629115,272.66507295289085,40326000.0,SPY
2019-07-13,272.97459558402835,273.77572605629115,272.66507295289085,0.0,SPY
2019-07-14,272.97459558402835,273.77572605629115,272.66507295289085,0.0,SPY
2019-07-15,274.13992112583895,274.13992112583895,273.28417048336985,33900000.0,SPY
2019-07-16,273.7029066235017,273.9123018564683,272.60136601160167,36650100.0,SPY
2019-07-17,272.8835645811587,273.0474246077331,271.0537109375,36036300.0,SPY
2019-07-18,270.5530272456107,272.4283883648192,270.1069545643566,51392600.0,SPY
2019-07-19,273.14761032491236,273.17492033239216,270.3618784327444,58678600.0,SPY
2019-07-20,273.14761032491236,273.17492033239216,270.3618784327444,0.0,SPY
2019-07-21,273.14761032491236,273.17492033239216,270.3618784327444,0.0,SPY
2019-07-22,270.9353256211635,271.74556862526555,270.4164355996433,43638100.0,SPY
2019-07-23,272.32815167778693,273.13836669921875,271.49059887968303,44564500.0,SPY
2019-07-24,272.37375497654665,274.4220886230469,272.2827123691304,47213200.0,SPY
2019-07-25,273.96689549650995,274.0215155029297,272.30090195380154,55394100.0,SPY
2019-07-26,273.80304637195644,275.14129214709345,273.67558116370367,45084100.0,SPY
2019-07-27,273.80304637195644,275.14129214709345,273.67558116370367,0.0,SPY
2019-07-28,273.80304637195644,275.14129214709345,273.67558116370367,0.0,SPY
2019-07-29,274.82270604558585,274.9410586794661,273.8850253540147,38126500.0,SPY
2019-07-30,273.029295030147,274.17637106575427,272.6469270908411,45849000.0,SPY
2019-07-31,274.0123701685085,274.20356795043534,268.7413457026761,104245200.0,SPY
2019-08-01,270.926266727686,273.90316826513595,267.6125047676401,142646600.0,SPY
2019-08-02,267.51237434818466,267.7581643791362,264.82677028669946,116749700.0,SPY
2019-08-03,267.51237434818466,267.7581643791362,264.82677028669946,0.0,SPY
2019-08-04,267.51237434818466,267.7581643791362,264.82677028669946,0.0,SPY
2019-08-05,262.26868142757047,262.3779214621519,256.46962473930773,178745400.0,SPY
2019-08-06,260.284113377427,262.22320758648317,258.8002045589544,120711700.0,SPY
2019-08-07,258.90942424478976,262.9332750052981,256.76096270571674,140572300.0,SPY
2019-08-08,263.66152666172474,267.3030090332031,263.106213935581,87713900.0,SPY
2019-08-09,266.3562478999975,266.95709589749475,263.6888684095593,93730000.0,SPY
2019-08-10,266.3562478999975,266.95709589749475,263.6888684095593,0.0,SPY
2019-08-11,266.3562478999975,266.95709589749475,263.6888684095593,0.0,SPY
2019-08-12,263.9711051363068,265.473211375645,261.2946128048408,65527600.0,SPY
2019-08-13,261.9500679361413,267.78554771562125,261.604122609641,94299800.0,SPY
2019-08-14,262.2504195601662,262.86035219743957,258.32672518273534,135622100.0,SPY
2019-08-15,259.34638865403474,260.03827922086384,257.07957468323815,99556600.0,SPY
2019-08-16,260.80296699799425,263.3975008578796,259.1915933324982,83018300.0,SPY
2019-08-17,260.80296699799425,263.3975008578796,259.1915933324982,0.0,SPY
2019-08-18,260.80296699799425,263.3975008578796,259.1915933324982,0.0,SPY
2019-08-19,266.0012246545351,266.81144015388014,265.3184466100299,53571800.0,SPY
2019-08-20,265.61880182213594,266.1559171055814,263.9619485578295,51596400.0,SPY
2019-08-21,266.26519452731395,266.61111200705324,265.57330400322525,49524700.0,SPY
2019-08-22,266.9479906117566,267.5852333852231,264.37162616328294,51666400.0,SPY
2019-08-23,264.84498611472975,266.5200644251494,258.0627150833286,149161500.0,SPY
2019-08-24,264.84498611472975,266.5200644251494,258.0627150833286,0.0,SPY
2019-08-25,264.84498611472975,266.5200644251494,258.0627150833286,0.0,SPY
2019-08-26,261.52215651011727,262.1867370605469,259.98362794853165,72423800.0,SPY
2019-08-27,263.5886910413228,263.9619462925079,260.39328159061193,66668900.0,SPY
2019-08-28,260.49336890197844,263.16074719197445,259.68312600593174,59696700.0,SPY
2019-08-29,265.5733262684983,266.8842622228338,264.56280040347383,57899400.0,SPY
2019-08-30,267.84923043003806,267.8674278398227,265.3002039449297,62901200.0,SPY
2019-08-31,267.84923043003806,267.8674278398227,265.3002039449297,0.0,SPY
2019-09-01,267.84923043003806,267.8674278398227,265.3002039449297,0.0,SPY
2019-09-02,267.84923043003806,267.8674278398227,265.3002039449297,0.0,SPY
2019-09-03,264.52631339303906,265.44576853415833,263.3428152949415,69101400.0,SPY
2019-09-04,266.86600540844864,267.7035306592128,266.11038238150365,46887300.0,SPY
2019-09-05,270.1889366911877,272.04607297681827,267.6489945758598,83258100.0,SPY
2019-09-06,271.44523583549426,271.9823511987721,270.7624578306364,49584300.0,SPY
2019-09-07,271.44523583549426,271.9823511987721,270.7624578306364,0.0,SPY
2019-09-08,271.44523583549426,271.9823511987721,270.7624578306364,0.0,SPY
2019-09-09,272.3282847982572,272.4192996358143,270.5257409412538,51260300.0,SPY
2019-09-10,270.70777983817015,271.47251556675025,269.4423791904322,57947100.0,SPY
2019-09-11,271.7182563870469,273.42064460233274,271.06278858295985,68821100.0,SPY
2019-09-12,274.2491608907053,275.3507016085147,273.48445287139316,72908700.0,SPY
2019-09-13,274.73155129174575,275.086609048473,273.7301383933705,62104800.0,SPY
2019-09-14,274.73155129174575,275.086609048473,273.7301383933705,0.0,SPY
2019-09-15,274.73155129174575,275.086609048473,273.7301383933705,0.0,SPY
2019-09-16,272.96548019983885,274.14897848806294,272.6104501609831,58191200.0,SPY
2019-09-17,273.05658770612837,274.0397758297228,272.8836150519844,41475500.0,SPY
2019-09-18,273.5572388610056,274.2218193670064,271.5089051146563,73375800.0,SPY
2019-09-19,274.50400765982596,275.5054207367594,273.75749720408453,76560500.0,SPY
2019-09-20,274.701619334272,274.9851631440901,272.00364095292827,89565000.0,SPY
2019-09-21,274.701619334272,274.9851631440901,272.00364095292827,0.0,SPY
2019-09-22,274.701619334272,274.9851631440901,272.00364095292827,0.0,SPY
2019-09-23,272.13163747681665,273.4577816961044,271.87555772743826,43476800.0,SPY
2019-09-24,273.8328171304653,274.2260775570191,269.6257678844937,94869400.0,SPY
2019-09-25,270.67751192476294,272.6438418860954,269.18675074472736,71854000.0,SPY
2019-09-26,272.20481800329355,272.41515227945314,270.21105225446325,56179700.0,SPY
2019-09-27,272.3877846931341,272.49755710771353,268.60145975302976,84746600.0,SPY
2019-09-28,272.3877846931341,272.49755710771353,268.60145975302976,0.0,SPY
2019-09-29,272.3877846931341,272.49755710771353,268.60145975302976,0.0,SPY
2019-09-30,270.6866558994328,272.1316715423988,270.64093833191345,51662400.0,SPY
2019-10-01,272.30546658668914,272.96396149760864,267.97039137098903,88242400.0,SPY
2019-10-02,266.5985009773126,266.6076556548795,262.1536817337508,122539500.0,SPY
2019-10-03,263.22372448846255,265.63821493132616,260.48915525058857,85278800.0,SPY
2019-10-04,266.2693312330742,269.4611884803135,266.2144310651368,65091200.0,SPY
2019-10-05,266.2693312330742,269.4611884803135,266.2144310651368,0.0,SPY
2019-10-06,266.2693312330742,269.4611884803135,266.2144310651368,0.0,SPY
2019-10-07,268.400185008061,270.0372812108232,267.7599716809966,59610500.0,SPY
2019-10-08,266.17776248993823,266.91856558036807,263.84558083696464,95708100.0,SPY
2019-10-09,265.91261476048356,267.3301944917825,265.2815559354261,62359400.0,SPY
2019-10-10,266.30585869191407,269.0770189606574,266.1412419418355,55296300.0,SPY
2019-10-11,270.9610601645509,273.2200609887571,270.8421888879988,98720400.0,SPY
2019-10-12,270.9610601645509,273.2200609887571,270.8421888879988,0.0,SPY
2019-10-13,270.9610601645509,273.2200609887571,270.8421888879988,0.0,SPY
2019-10-14,270.65005612363274,271.3268603104534,270.3208226629649,40394800.0,SPY
2019-10-15,271.7201720258557,274.0980720299014,271.6012728390623,46754500.0,SPY
2019-10-16,272.8815909808441,273.60411265579364,272.4700491993658,48928200.0,SPY
2019-10-17,274.07969142134357,274.59185093084454,273.0187816057773,45736600.0,SPY
2019-10-18,273.17430296633734,273.8236431493623,271.65610570626245,64304000.0,SPY
2019-10-19,273.17430296633734,273.8236431493623,271.65610570626245,0.0,SPY
2019-10-20,273.17430296633734,273.8236431493623,271.65610570626245,0.0,SPY
2019-10-21,273.841964374201,274.56445827948056,273.4029584777263,39048600.0,SPY
2019-10-22,274.90281031710094,275.1954808762855,273.37548642432034,48594700.0,SPY
2019-10-23,273.21087907420537,274.31750652024823,273.000516869337,34352200.0,SPY
2019-10-24,275.20472418612354,275.3510595128448,273.8785794762566,35453100.0,SPY
2019-10-25,274.134600490666,276.38447425674264,274.0797282437474,45205400.0,SPY
2019-10-26,274.134600490666,276.38447425674264,274.0797282437474,0.0,SPY
2019-10-27,274.134600490666,276.38447425674264,274.0797282437474,0.0,SPY
2019-10-28,277.06129990713345,277.89356634772355,277.0338637787891,42147000.0,SPY
2019-10-29,277.116113646051,278.2410504918372,276.9880598004124,44284900.0,SPY
2019-10-30,277.50935388628073,278.53367293459115,276.1923642782814,49643900.0,SPY
2019-10-31,278.14964535468624,278.14964535468624,275.9546713618447,69053800.0,SPY
2019-11-01,278.8721023807846,280.03360208774666,278.7074577389158,71141500.0,SPY
2019-11-02,278.8721023807846,280.03360208774666,278.7074577389158,0.0,SPY
2019-11-03,278.8721023807846,280.03360208774666,278.7074577389158,0.0,SPY
2019-11-04,281.5517682634411,281.68894885771306,280.7377835530959,60606900.0,SPY
2019-11-05,281.3139783552893,281.6158035822944,280.50914829740884,42933200.0,SPY
2019-11-06,280.80184832131613,281.1402364696703,279.9147098112998,46487100.0,SPY
2019-11-07,282.2103046860957,283.19803302125996,281.37803841052244,54272300.0,SPY
2019-11-08,281.50607751434336,282.60357830306305,280.80186505312093,49032100.0,SPY
2019-11-09,281.50607751434336,282.60357830306305,280.80186505312093,0.0,SPY
2019-11-10,281.50607751434336,282.60357830306305,280.80186505312093,0.0,SPY
2019-11-11,281.15848567534255,282.18280457898555,281.0212771813287,35797300.0,SPY
2019-11-12,282.3748415110566,283.5089048176377,281.82609129766104,46484600.0,SPY
2019-11-13,281.6066917448625,283.09745293195436,281.3780480759368,53917700.0,SPY
2019-11-14,282.411479196074,283.18887313492166,281.7712658557054,51219900.0,SPY
2019-11-15,284.4510025643332,285.2009604889792,283.7559447974013,62023600.0,SPY
2019-11-16,284.4510025643332,285.2009604889792,283.7559447974013,0.0,SPY
2019-11-17,284.4510025643332,285.2009604889792,283.7559447974013,0.0,SPY
2019-11-18,284.9173764853631,285.6033073209209,284.46008926165786,49228000.0,SPY
2019-11-19,285.969286921202,285.9784416020421,284.6340153173273,67804700.0,SPY
2019-11-20,284.6887319370987,285.2100460689512,282.6583755541019,79406200.0,SPY
2019-11-21,284.33213542963733,284.44187992545085,282.96027341075984,54664700.0,SPY
2019-11-22,284.5150173312552,284.6521979431688,283.38095372529915,44850200.0,SPY
2019-11-23,284.5150173312552,284.6521979431688,283.38095372529915,0.0,SPY
2019-11-24,284.5150173312552,284.6521979431688,283.38095372529915,0.0,SPY
2019-11-25,285.3289452446322,286.6001892089844,285.3289452446322,48647200.0,SPY
2019-11-26,286.63685386569955,287.4325293717628,286.31674714551434,37569000.0,SPY
2019-11-27,287.73429544914904,288.5299987792969,287.51480648116416,44444600.0,SPY
2019-11-28,287.73429544914904,288.5299987792969,287.51480648116416,0.0,SPY
2019-11-29,287.96293526840475,288.2098882647079,287.231286777775,36592700.0,SPY
2019-11-30,287.96293526840475,288.2098882647079,287.231286777775,0.0,SPY
2019-12-01,287.96293526840475,288.2098882647079,287.231286777775,0.0,SPY
2019-12-02,287.71601415691185,287.7800410761416,284.58818471907415,75767800.0,SPY
2019-12-03,282.28342536376033,283.18887313492166,280.89328211483974,73941700.0,SPY
2019-12-04,284.15839673277713,285.45707729693845,283.81085384894016,49080000.0,SPY
2019-12-05,285.5575897627893,285.57587120392253,284.04851959608425,40709000.0,SPY
2019-12-06,287.2862064115757,288.3745525605834,287.27705173298733,48927000.0,SPY
2019-12-07,287.2862064115757,288.3745525605834,287.27705173298733,0.0,SPY
2019-12-08,287.2862064115757,288.3745525605834,287.27705173298733,0.0,SPY
2019-12-09,287.5788404531293,288.25561672808135,286.9934993100126,34838500.0,SPY
2019-12-10,287.0118164883673,287.6794381040934,286.0880871825951,52649800.0,SPY
2019-12-11,287.20387987744994,287.8166571814123,286.66428417635655,53429100.0,SPY
2019-12-12,287.56969978689034,290.8255832999574,287.331929357691,96389600.0,SPY
2019-12-13,289.8012293659603,291.44748028058166,289.0238354266058,81503900.0,SPY
2019-12-14,289.8012293659603,291.44748028058166,289.0238354266058,0.0,SPY
2019-12-15,289.8012293659603,291.44748028058166,289.0238354266058,0.0,SPY
2019-12-16,291.9505547062466,292.8011025307213,290.14884132062883,82749700.0,SPY
2019-12-17,292.59070604393224,292.89250336861267,292.1882910039579,61097700.0,SPY
2019-12-18,292.6638583122659,292.89250195157234,292.23400715394575,48133000.0,SPY
2019-12-19,292.4809009889754,293.5601200632584,292.22482125673486,85310500.0,SPY
2019-12-20,294.52554498688977,295.9133514557624,293.54216013229916,147142100.0,SPY
2019-12-21,294.52554498688977,295.9133514557624,293.54216013229916,0.0,SPY
2019-12-22,294.52554498688977,295.9133514557624,293.54216013229916,0.0,SPY
2019-12-23,295.5640508187807,295.61919283706214,295.0769442920795,52990000.0,SPY
2019-12-24,295.4538444983316,295.49978684304347,294.92996713903483,20270000.0,SPY
2019-12-25,295.4538444983316,295.49978684304347,294.92996713903483,0.0,SPY
2019-12-26,295.6192912396974,296.81410081176347,295.61011959881233,30911200.0,SPY
2019-12-27,297.54004920905305,297.5951912275707,296.1982133454199,42528800.0,SPY
2019-12-28,297.54004920905305,297.5951912275707,296.1982133454199,0.0,SPY
2019-12-29,297.54004920905305,297.5951912275707,296.1982133454199,0.0,SPY
2019-12-30,296.81399273863747,296.9518477800344,294.60819988500094,49729100.0,SPY
2019-12-31,294.5899338426273,296.0604535879789,294.2406822477253,57077300.0,SPY
2020-01-01,294.5899338426273,296.0604535879789,294.2406822477253,0.0,SPY
2020-01-02,297.356291494872,298.5970431726698,296.4280206462973,59151200.0,SPY
2020-01-03,295.1690012209625,297.44830859891874,295.1138591757393,77709700.0,SPY
2020-01-04,295.1690012209625,297.44830859891874,295.1138591757393,0.0,SPY
2020-01-05,295.1690012209625,297.44830859891874,295.1138591757393,0.0,SPY
2020-01-06,294.5530243383051,297.53083313261016,294.43354063342196,55653900.0,SPY
2020-01-07,296.8784490020112,297.35638410553116,296.16157439456606,40496400.0,SPY
2020-01-08,296.80485100475323,299.41500980685026,296.5567118817893,68296000.0,SPY
2020-01-09,299.76426370007135,300.2881410116043,299.1760446735445,48473300.0,SPY
2020-01-10,300.80291771311784,300.9591441606152,298.8820616526404,53029300.0,SPY
2020-01-11,300.80291771311784,300.9591441606152,298.8820616526404,0.0,SPY
2020-01-12,300.80291771311784,300.9591441606152,298.8820616526404,0.0,SPY
2020-01-13,299.9756749401628,301.418595467985,299.5437103362365,47086800.0,SPY
2020-01-14,300.9682919838258,302.02521841228196,300.389272553604,62832800.0,SPY
2020-01-15,300.85789705685005,302.3927299180158,300.77518403269926,72056600.0,SPY
2020-01-16,303.0178005631925,304.1390686035156,302.78803275204297,54050300.0,SPY
2020-01-17,304.8559560560028,305.2970923216164,304.0747398552058,95846000.0,SPY
2020-01-18,304.8559560560028,305.2970923216164,304.0747398552058,0.0,SPY
2020-01-19,304.8559560560028,305.2970923216164,304.0747398552058,0.0,SPY
2020-01-20,304.8559560560028,305.2970923216164,304.0747398552058,0.0,SPY
2020-01-21,304.1206888555786,305.2970990026753,304.04717549231077,77742400.0,SPY
2020-01-22,305.3521828203176,306.0047435161207,304.3687980289673,48914900.0,SPY
2020-01-23,303.87254427563965,305.2879219117907,302.7512761829696,51963000.0,SPY
2020-01-24,305.53605936740274,305.61877241707987,300.8671615459876,87578400.0,SPY
2020-01-25,305.53605936740274,305.61877241707987,300.8671615459876,0.0,SPY
2020-01-26,305.53605936740274,305.61877241707987,300.8671615459876,0.0,SPY
2020-01-27,296.88752400438364,298.80837915802067,296.54747219913145,84062500.0,SPY
2020-01-28,298.7532647585038,301.3174811116688,297.4114287374613,63834000.0,SPY
2020-01-29,301.80464726697824,302.0344150990473,299.9848759397723,53888900.0,SPY
2020-01-30,298.10999207468393,301.37271244160917,297.35637482727867,75491800.0,SPY
2020-01-31,300.53630555860406,300.6925600156886,294.7737387877723,113845600.0,SPY
2020-02-01,300.53630555860406,300.6925600156886,294.7737387877723,0.0,SPY
2020-02-02,300.53630555860406,300.6925600156886,294.7737387877723,0.0,SPY
2020-02-03,297.18169900280947,299.76428701237734,297.0622152507649,69083000.0,SPY
2020-02-04,301.51963306967,303.3026330734131,301.19795260651244,62573200.0,SPY
2020-02-05,305.3798398700861,306.1334851394213,303.9093480881468,65951100.0,SPY
2020-02-06,306.88704378759394,307.14438258158077,305.8668602504077,50359700.0,SPY
2020-02-07,305.8852492800721,306.96054675693904,304.763981419654,64139400.0,SPY
2020-02-08,305.8852492800721,306.96054675693904,304.763981419654,0.0,SPY
2020-02-09,305.8852492800721,306.96054675693904,304.763981419654,0.0,SPY
2020-02-10,304.42400832131284,307.6591293225714,304.38723761452826,42070000.0,SPY
2020-02-11,308.9549048567541,309.74529243878567,307.59466970537795,54864500.0,SPY
2020-02-12,309.57082131192993,310.3244666254707,309.2031983448819,43992700.0,SPY
2020-02-13,308.6791167199709,310.7562257792755,308.40340668900836,54501900.0,SPY
2020-02-14,310.19575985008703,310.3979566556613,308.9917787048406,64582200.0,SPY
2020-02-15,310.19575985008703,310.3979566556613,308.9917787048406,0.0,SPY
2020-02-16,310.19575985008703,310.3979566556613,308.9917787048406,0.0,SPY
2020-02-17,310.19575985008703,310.3979566556613,308.9917787048406,0.0,SPY
2020-02-18,309.2766545350302,310.34278047914535,308.0818451616025,57226200.0,SPY
2020-02-19,310.45304870269507,311.6386302806508,310.168138892691,48814700.0,SPY
2020-02-20,310.4070150976725,311.23420139471216,306.67558926742845,74163400.0,SPY
2020-02-21,308.32082508734413,308.633305938221,305.6646957831488,113788200.0,SPY
2020-02-22,308.32082508734413,308.633305938221,305.6646957831488,0.0,SPY
2020-02-23,308.32082508734413,308.633305938221,305.6646957831488,0.0,SPY
2020-02-24,296.9886977552083,306.5654044917158,295.24243993861,161088400.0,SPY
2020-02-25,297.72394817993217,298.3397102214259,286.4653251703709,218913200.0,SPY
2020-02-26,288.75381480603454,292.3657582898536,285.5554646270687,194773800.0,SPY
2020-02-27,280.73945999539626,286.3457995075266,273.432861328125,284353500.0,SPY
2020-02-28,265.3358514692042,273.7821175574992,262.43158327772824,384975800.0,SPY
2020-02-29,265.3358514692042,273.7821175574992,262.43158327772824,0.0,SPY
2020-03-01,265.3358514692042,273.7821175574992,262.43158327772824,0.0,SPY
2020-03-02,274.07615607149313,284.1399947778872,270.62963980873093,238703600.0,SPY
2020-03-03,284.45256470043904,288.44133073954566,273.4880509250483,300139100.0,SPY
2020-03-04,281.34596818289407,287.76109290587715,278.78175262092435,176613400.0,SPY
2020-03-05,280.29837745012924,283.50592733790194,275.73059193007856,186366800.0,SPY
2020-03-06,269.42573743951846,274.6001131820452,266.7420650354268,228667200.0,SPY
2020-03-07,269.42573743951846,274.6001131820452,266.7420650354268,0.0,SPY
2020-03-08,269.42573743951846,274.6001131820452,266.7420650354268,0.0,SPY
2020-03-09,253.02024994580484,261.19080507877885,251.31999093417147,309417300.0,SPY
2020-03-10,261.6044036769729,265.17037587997726,251.36593846098174,276444100.0,SPY
2020-03-11,257.9833552511201,259.1229948208781,248.95806729985344,255316300.0,SPY
2020-03-12,235.28223310787604,245.07953571162304,227.6355538003914,392220700.0,SPY
2020-03-13,241.798467632477,249.50948938794025,228.40760593542637,329566100.0,SPY
2020-03-14,241.798467632477,249.50948938794025,228.40760593542637,0.0,SPY
2020-03-15,241.798467632477,249.50948938794025,228.40760593542637,0.0,SPY
2020-03-16,221.66159189335357,236.1093927100273,218.15074709711294,297240000.0,SPY
2020-03-17,225.2092003066649,235.43848125738805,217.8842157567262,262070500.0,SPY
2020-03-18,217.13057041168213,228.26970883784816,209.56661838287255,327597100.0,SPY
2020-03-19,219.88776705498512,227.35981980243662,213.42669815643188,289322000.0,SPY
2020-03-20,224.2130493608081,226.0065341476156,211.24265879194007,347158800.0,SPY
2020-03-21,224.2130493608081,226.0065341476156,211.24265879194007,0.0,SPY
2020-03-22,224.2130493608081,226.0065341476156,211.24265879194007,0.0,SPY
2020-03-23,210.95607325737478,212.33353276775054,201.77602391744185,326025200.0,SPY
2020-03-24,216.71558618449495,225.66451805974856,216.14241577965612,235494500.0,SPY
2020-03-25,226.3763299962907,236.9893197754523,221.64301955671172,299430300.0,SPY
2020-03-26,230.67522827150125,242.9522528690558,230.2407234742218,257632800.0,SPY
2020-03-27,234.14192818112465,241.11246767141768,232.0895913168638,224341200.0,SPY
2020-03-28,234.14192818112465,241.11246767141768,232.0895913168638,0.0,SPY
2020-03-29,234.14192818112465,241.11246767141768,232.0895913168638,0.0,SPY
2020-03-30,236.38841101925405,242.61012793433616,234.38230063523434,171369500.0,SPY
2020-03-31,240.88137418461673,243.44216158998015,236.86915323119808,194881100.0,SPY
2020-04-01,229.25145389535197,238.20038498234587,225.47959177832593,189554600.0,SPY
2020-04-02,226.67216699098591,233.5964799738239,226.11747600710618,177660400.0,SPY
2020-04-03,231.82151280078162,234.18818235380274,226.69992382075606,135561200.0,SPY
2020-04-04,231.82151280078162,234.18818235380274,226.69992382075606,0.0,SPY
2020-04-05,231.82151280078162,234.18818235380274,226.69992382075606,0.0,SPY
2020-04-06,238.3667743839,246.8349738769701,229.42709743475407,188061200.0,SPY
2020-04-07,253.50048967518129,254.25856656772496,244.88439705321795,201427200.0,SPY
2020-04-08,247.7224867150547,255.15527882384322,245.2171656087841,153774500.0,SPY
2020-04-09,256.6159188737926,259.9625441693819,254.66528894370404,189999200.0,SPY
2020-04-10,256.6159188737926,259.9625441693819,254.66528894370404,0.0,SPY
2020-04-11,256.6159188737926,259.9625441693819,254.66528894370404,0.0,SPY
2020-04-12,256.6159188737926,259.9625441693819,254.66528894370404,0.0,SPY
2020-04-13,256.2091610603906,256.5512124912939,250.91190613480268,114839100.0,SPY
2020-04-14,259.75915946259386,263.3830879487361,254.70227689517753,134143400.0,SPY
2020-04-15,256.60669601387923,262.4956010018621,254.65603785042504,121775000.0,SPY
2020-04-16,258.06733065404563,258.88087360957286,254.9333733739503,131798300.0,SPY
2020-04-17,263.8268813194483,265.6018588746599,261.07193356078005,146684800.0,SPY
2020-04-18,263.8268813194483,265.6018588746599,261.07193356078005,0.0,SPY
2020-04-19,263.8268813194483,265.6018588746599,261.07193356078005,0.0,SPY
2020-04-20,261.2659527024634,265.1302809234669,260.1011330015006,100109300.0,SPY
2020-04-21,255.830109499665,257.04117012032134,251.47580967972243,126385700.0,SPY
2020-04-22,257.3277615377955,259.7776159747217,255.99651455834245,92951600.0,SPY
2020-04-23,259.3061384249286,262.49559036286263,257.69755999332085,104709700.0,SPY
2020-04-24,259.5280605161507,262.2737543371694,257.4664696510414,85063200.0,SPY
2020-04-25,259.5280605161507,262.2737543371694,257.4664696510414,0.0,SPY
2020-04-26,259.5280605161507,262.2737543371694,257.4664696510414,0.0,SPY
2020-04-27,263.58643565736423,266.49852768084895,263.12419793259676,77896600.0,SPY
2020-04-28,269.04084563004807,269.39215082857385,263.84529791564745,105270000.0,SPY
2020-04-29,269.51243912563433,272.6094388163172,268.47703070418225,118745600.0,SPY
2020-04-30,269.67871266929563,271.167132742949,266.79435391784995,122901700.0,SPY
2020-05-01,263.76210218131826,268.7080517401183,260.2583321429464,125180000.0,SPY
2020-05-02,263.76210218131826,268.7080517401183,260.2583321429464,0.0,SPY
2020-05-03,263.76210218131826,268.7080517401183,260.2583321429464,0.0,SPY
2020-05-04,259.5372523753031,262.4585984481411,258.04886030775276,80873200.0,SPY
2020-05-05,264.99170891359046,267.4045767729445,262.2829738679373,79569900.0,SPY
2020-05-06,266.2858737849859,266.6741376125377,262.34759997190514,73632600.0,SPY
2020-05-07,266.01787558591565,267.89456007839374,265.44470518123154,75250400.0,SPY
2020-05-08,269.10555965772886,270.82509869285366,267.96844467945675,76452400.0,SPY
2020-05-09,269.10555965772886,270.82509869285366,267.96844467945675,0.0,SPY
2020-05-10,269.10555965772886,270.82509869285366,267.96844467945675,0.0,SPY
2020-05-11,268.4122479290725,271.7958320813301,267.9869970437553,79514200.0,SPY
2020-05-12,271.6017329054093,272.017730056696,264.88077628498786,95870800.0,SPY
2020-05-13,264.4555207320025,265.5001828038208,257.89173751403956,144721100.0,SPY
2020-05-14,257.8824520691451,263.577196323226,252.3725577747012,121977900.0,SPY
2020-05-15,261.04414141750516,264.70505648386165,260.0919327846756,111146300.0,SPY
2020-05-16,261.04414141750516,264.70505648386165,260.0919327846756,0.0,SPY
2020-05-17,261.04414141750516,264.70505648386165,260.0919327846756,0.0,SPY
2020-05-18,270.91756766232015,274.3381387225652,270.5940237673094,119703800.0,SPY
2020-05-19,272.11932321611533,273.83883381426045,269.9005880325174,95189300.0,SPY
2020-05-20,273.4783926929953,275.37355648442514,273.24727378122304,85861700.0,SPY
2020-05-21,274.37512681753094,275.18866987615843,271.5092467565501,78293900.0,SPY
2020-05-22,272.3227250769998,273.30266674300077,271.0746776456966,63958200.0,SPY
2020-05-23,272.3227250769998,273.30266674300077,271.0746776456966,0.0,SPY
2020-05-24,272.3227250769998,273.30266674300077,271.0746776456966,0.0,SPY
2020-05-25,272.3227250769998,273.30266674300077,271.0746776456966,0.0,SPY
2020-05-26,279.1268565344075,279.3672291714681,273.1454994439647,88951400.0,SPY
2020-05-27,279.3025651137045,280.64306602531383,274.4490681901454,104817400.0,SPY
2020-05-28,281.6414911722765,283.66609503121555,279.413501549018,90405200.0,SPY
2020-05-29,279.6169471297195,281.92813666742114,276.8527734707125,119090800.0,SPY
2020-05-30,279.6169471297195,281.92813666742114,276.8527734707125,0.0,SPY
2020-05-31,279.6169471297195,281.92813666742114,276.8527734707125,0.0,SPY
2020-06-01,280.6891886153452,283.08357627851154,280.1714846996739,55758300.0,SPY
2020-06-02,283.3980227490103,284.85871019641536,282.0575498728841,74267200.0,SPY
2020-06-03,286.80929829971484,289.5642457172561,286.53196690754055,92567600.0,SPY
2020-06-04,287.6135771555438,289.36084950136456,285.7368929023039,75794400.0,SPY
2020-06-05,293.2714158506908,297.00627710294424,293.20669578517834,150524700.0,SPY
2020-06-06,293.2714158506908,297.00627710294424,293.20669578517834,0.0,SPY
2020-06-07,293.2714158506908,297.00627710294424,293.20669578517834,0.0,SPY
2020-06-08,296.03554964324275,298.9846287841616,295.49011247657876,73641200.0,SPY
2020-06-09,296.1094268838199,298.8643734304912,295.2404178460359,77479200.0,SPY
2020-06-10,297.14498894664877,298.04173149522336,294.18665545102397,95000800.0,SPY
2020-06-11,287.93721444131324,288.57510497745574,277.35198383861905,209243600.0,SPY
2020-06-12,284.9603461840579,285.73690229235734,276.0484161874025,194678900.0,SPY
2020-06-13,284.9603461840579,285.73690229235734,276.0484161874025,0.0,SPY
2020-06-14,284.9603461840579,285.73690229235734,276.0484161874025,0.0,SPY
2020-06-15,275.5122453434782,284.99737530784336,274.3289175442653,135782700.0,SPY
2020-06-16,291.65348739268507,291.8014068310796,284.43333731924366,137627500.0,SPY
2020-06-17,290.35005990509615,290.645898869627,287.38247290117295,83398900.0,SPY
2020-06-18,286.5966597077183,288.713688296366,286.13442195622696,80828700.0,SPY
2020-06-19,291.7206001590082,291.9155864106727,284.6265123619293,135549600.0,SPY
2020-06-20,291.7206001590082,291.9155864106727,284.6265123619293,0.0,SPY
2020-06-21,291.7206001590082,291.9155864106727,284.6265123619293,0.0,SPY
2020-06-22,285.98224129069246,288.8235835027713,284.83085586373335,74649400.0,SPY
2020-06-23,291.0891498469716,292.0269880337447,289.3434831906394,68471200.0,SPY
2020-06-24,287.6999970150494,288.3221338064177,280.51307733506786,132813500.0,SPY
2020-06-25,281.785185014913,285.65722508649236,279.75167184836454,89468000.0,SPY
2020-06-26,284.2829755044831,284.49655078149493,278.0245993097469,127961000.0,SPY
2020-06-27,284.2829755044831,284.49655078149493,278.0245993097469,0.0,SPY
2020-06-28,284.2829755044831,284.49655078149493,278.0245993097469,0.0,SPY
2020-06-29,279.8724202140657,282.84374369101283,277.5696211414801,79773300.0,SPY
2020-06-30,282.26801286929793,288.0342901100218,282.1101762963418,113394800.0,SPY
2020-07-01,287.4493821074285,289.6036110574344,286.98511009252627,72396500.0,SPY
2020-07-02,291.78557360503254,293.14126785785413,289.25066734943266,69344200.0,SPY
2020-07-03,291.78557360503254,293.14126785785413,289.25066734943266,0.0,SPY
2020-07-04,291.78557360503254,293.14126785785413,289.25066734943266,0.0,SPY
2020-07-05,291.78557360503254,293.14126785785413,289.25066734943266,0.0,SPY
2020-07-06,293.7634333654914,294.979823625163,293.01131506254666,61713800.0,SPY
2020-07-07,292.8441658271553,294.83123494372063,290.9777836088609,82910000.0,SPY
2020-07-08,292.1291545148365,293.698395820971,290.35566077389734,54638600.0,SPY
2020-07-09,294.1997980673815,294.44122850995996,288.47996517243905,83354200.0,SPY
2020-07-10,291.8505571111614,295.1654647964313,290.41132576501525,57550400.0,SPY
2020-07-11,291.8505571111614,295.1654647964313,290.41132576501525,0.0,SPY
2020-07-12,291.8505571111614,295.1654647964313,290.41132576501525,0.0,SPY
2020-07-13,297.25471680026754,299.6503472197531,291.6834542706759,102997500.0,SPY
2020-07-14,290.9127851965743,296.9111990418323,289.7056894917893,93657000.0,SPY
2020-07-15,299.3718194357117,299.95680658213604,296.4561782096947,87196500.0,SPY
2020-07-16,296.93897955029377,298.32250051065256,296.2889876653865,54622500.0,SPY
2020-07-17,298.8797105589077,299.5204081071991,296.89261304115513,62774900.0,SPY
2020-07-18,298.8797105589077,299.5204081071991,296.89261304115513,0.0,SPY
2020-07-19,298.8797105589077,299.5204081071991,296.89261304115513,0.0,SPY
2020-07-20,298.46181958845324,301.8974428998221,297.70970139566236,56308800.0,SPY
2020-07-21,303.12314665079583,303.56882955653316,300.792492554211,57292200.0,SPY
2020-07-22,301.42382502364956,303.8194834289993,301.3124043232895,57792900.0,SPY
2020-07-23,303.1416743852284,303.8473766918392,298.5082502140692,75738000.0,SPY
2020-07-24,298.0161462247771,298.98181138159134,296.4376104179371,73766600.0,SPY
2020-07-25,298.0161462247771,298.98181138159134,296.4376104179371,0.0,SPY
2020-07-26,298.0161462247771,298.98181138159134,296.4376104179371,0.0,SPY
2020-07-27,298.6476113598279,300.3004185469376,297.8490487843494,48293000.0,SPY
2020-07-28,299.3903744004211,300.5139328151327,297.9232876462,57495000.0,SPY
2020-07-29,299.10252170058675,302.4545795243995,299.06537201457814,48454200.0,SPY
2020-07-30,298.89826755915107,301.22892175215213,296.79977767170465,61861700.0,SPY
2020-07-31,302.6124177314105,303.2902649044099,298.36896577887273,84986800.0,SPY
2020-08-01,302.6124177314105,303.2902649044099,298.36896577887273,0.0,SPY
2020-08-02,302.6124177314105,303.2902649044099,298.36896577887273,0.0,SPY
2020-08-03,304.8595122284276,306.0666078535078,304.31167477785067,53077900.0,SPY
2020-08-04,304.4324419769244,306.4752502441406,304.4324419769244,41917900.0,SPY
2020-08-05,307.7844697411045,308.6387426586147,307.51518405645595,42697700.0,SPY
2020-08-06,307.79370582601723,310.5607481856349,307.4687098320137,43679400.0,SPY
2020-08-07,309.4651038076949,310.9507796860284,308.55512060219945,57308300.0,SPY
2020-08-08,309.4651038076949,310.9507796860284,308.55512060219945,0.0,SPY
2020-08-09,309.4651038076949,310.9507796860284,308.55512060219945,0.0,SPY
2020-08-10,311.1178338160884,311.77709187476853,309.16788647923244,44282100.0,SPY
2020-08-11,312.779998216801,313.42069573344673,308.28584943097746,69601100.0,SPY
2020-08-12,311.4707625746392,314.1078238035738,311.44290739160823,53774400.0,SPY
2020-08-13,312.55713279305854,314.07995831387274,311.83286972111046,41816100.0,SPY
2020-08-14,312.37145436252035,313.3092927620155,311.637896752908,47260400.0,SPY
2020-08-15,312.37145436252035,313.3092927620155,311.637896752908,0.0,SPY
2020-08-16,312.37145436252035,313.3092927620155,311.637896752908,0.0,SPY
2020-08-17,313.7921068906489,314.1635187584789,312.7799975076258,35481000.0,SPY
2020-08-18,314.1635584830954,314.8692609570418,312.5571672388959,38733900.0,SPY
2020-08-19,314.82274055379725,315.3427227760281,312.56638608909145,68054200.0,SPY
2020-08-20,311.3964580401114,314.59065121369554,311.26647663375564,42207800.0,SPY
2020-08-21,313.77351989954946,315.44488733306434,313.42993490529074,55106600.0,SPY
2020-08-22,313.77351989954946,315.44488733306434,313.42993490529074,0.0,SPY
2020-08-23,313.77351989954946,315.44488733306434,313.42993490529074,0.0,SPY
2020-08-24,317.6734077062131,318.4905308031119,315.1942115712542,48588700.0,SPY
2020-08-25,318.9826191551975,319.61402207633336,317.8126450142829,38463400.0,SPY
2020-08-26,320.124772436954,323.003235573334,319.5769349904524,50790200.0,SPY
2020-08-27,323.60682617707005,324.8974873931608,321.7682991530908,58034100.0,SPY
2020-08-28,324.47040527953897,325.65894042083386,323.2725756307853,48588900.0,SPY
2020-08-29,324.47040527953897,325.65894042083386,323.2725756307853,0.0,SPY
2020-08-30,324.47040527953897,325.65894042083386,323.2725756307853,0.0,SPY
2020-08-31,325.3153027924507,326.1974023373853,324.1174734415584,66099200.0,SPY
2020-09-01,325.1853077897396,327.5066672292479,324.28461919373416,54908700.0,SPY
2020-09-02,329.32665006940977,333.11509639783384,328.17523646014934,69540000.0,SPY
2020-09-03,330.4408679185456,330.9144343105213,318.1098077482634,148011100.0,SPY
2020-09-04,321.3968611281054,322.9753685422502,310.9414491618156,139156300.0,SPY
2020-09-05,321.3968611281054,322.9753685422502,310.9414491618156,0.0,SPY
2020-09-06,321.3968611281054,322.9753685422502,310.9414491618156,0.0,SPY
2020-09-07,321.3968611281054,322.9753685422502,310.9414491618156,0.0,SPY
2020-09-08,312.6499888940206,318.15627540940744,309.0936784498061,114465300.0,SPY
2020-09-09,313.42996074954317,317.98911438825974,312.5571272760751,91462300.0,SPY
2020-09-10,317.39483946374094,318.05409760860255,309.06580068183547,90569500.0,SPY
2020-09-11,311.82363852240456,312.8914584058522,307.3480498476314,84680200.0,SPY
2020-09-12,311.82363852240456,312.8914584058522,307.3480498476314,0.0,SPY
2020-09-13,311.82363852240456,312.8914584058522,307.3480498476314,0.0,SPY
2020-09-14,313.37427465406347,316.05778015170733,310.33794627414755,65605700.0,SPY
2020-09-15,316.74480086888275,317.58048447466854,314.28416589860683,52920900.0,SPY
2020-09-16,317.10703830296984,318.54627002203836,314.3306727558312,82096000.0,SPY
2020-09-17,309.7250539316807,313.5692386949931,309.19577718828435,91523300.0,SPY
2020-09-18,312.652255125821,312.7641218537304,305.7535318848086,105877900.0,SPY
2020-09-19,312.652255125821,312.7641218537304,305.7535318848086,0.0,SPY
2020-09-20,312.652255125821,312.7641218537304,305.7535318848086,0.0,SPY
2020-09-21,303.637388987122,304.97051525691444,299.9363120459159,99450800.0,SPY
2020-09-22,306.3128665793386,308.48502121954533,303.78641991520897,63612100.0,SPY
2020-09-23,308.4851235934491,308.76481893136526,300.28123912077655,93112200.0,SPY
2020-09-24,299.46084159117197,304.66284479348815,298.13701862085844,76681300.0,SPY
2020-09-25,300.7286406506503,307.2544654760629,299.85234177697765,71069400.0,SPY
2020-09-26,300.7286406506503,307.2544654760629,299.85234177697765,0.0,SPY
2020-09-27,300.7286406506503,307.2544654760629,299.85234177697765,0.0,SPY
2020-09-28,310.64789110122877,312.2700155081227,309.6503653899457,64584600.0,SPY
2020-09-29,311.34715281415293,312.09295010347984,309.1563341575337,51304000.0,SPY
2020-09-30,310.52680817580296,315.37457667944363,310.3310413349896,104081100.0,SPY
2020-10-01,314.8151312708314,315.7939936667757,312.3166793180605,88698700.0,SPY
2020-10-02,309.230868122025,314.181169883681,308.7554060877442,89431100.0,SPY
2020-10-03,309.230868122025,314.181169883681,308.7554060877442,0.0,SPY
2020-10-04,309.230868122025,314.181169883681,308.7554060877442,0.0,SPY
2020-10-05,313.2955577901384,316.9313691692186,313.2489561309269,45713100.0,SPY
2020-10-06,316.8847958411113,318.991714512122,311.7293943663108,90128900.0,SPY
2020-10-07,315.2159727197125,318.48821677065575,315.1880060376676,56999600.0,SPY
2020-10-08,319.6255886004015,320.55784930598804,318.7026311556404,45242500.0,SPY
2020-10-09,322.15199004535106,323.82074458586175,321.52739133795404,59528600.0,SPY
2020-10-10,322.15199004535106,323.82074458586175,321.52739133795404,0.0,SPY
2020-10-11,322.15199004535106,323.82074458586175,321.52739133795404,0.0,SPY
2020-10-12,325.90905385055936,330.0389624196058,325.41495675821676,80388500.0,SPY
2020-10-13,328.4168613032181,328.5939931462487,325.4429468232973,73255500.0,SPY
2020-10-14,326.99046289482385,328.0905237679991,323.625015193752,57727900.0,SPY
2020-10-15,320.4272955094846,324.44533657807887,319.886596858287,60357700.0,SPY
2020-10-16,325.32166033985203,326.9904148278045,323.5876692302838,89501900.0,SPY
2020-10-17,325.32166033985203,326.9904148278045,323.5876692302838,0.0,SPY
2020-10-18,325.32166033985203,326.9904148278045,323.5876692302838,0.0,SPY
2020-10-19,325.03278851218863,325.6667191573808,317.9382960336095,68425600.0,SPY
2020-10-20,320.1943193300806,323.3826641121143,319.4298870177276,60051900.0,SPY
2020-10-21,320.0731277345706,322.2546433140585,319.20613191087523,63575000.0,SPY
2020-10-22,319.72819364599246,321.85374738223675,317.57467322046904,55399300.0,SPY
2020-10-23,322.4969501197864,322.55288348801344,319.8866314347241,49143900.0,SPY
2020-10-24,322.4969501197864,322.55288348801344,319.8866314347241,0.0,SPY
2020-10-25,322.4969501197864,322.55288348801344,319.8866314347241,0.0,SPY
2020-10-26,318.95437928207303,319.746806620405,312.8853526130255,91473000.0,SPY
2020-10-27,316.74495480868086,317.0805550577835,315.09483489956324,65994100.0,SPY
2020-10-28,309.6037571211918,315.3371542354046,304.038160090243,127094300.0,SPY
2020-10-29,304.76533333967944,310.8156958706313,303.0686121239546,90597700.0,SPY
2020-10-30,306.04259599435824,307.35708722963943,300.74736110283595,120287300.0,SPY
2020-10-31,306.04259599435824,307.35708722963943,300.74736110283595,0.0,SPY
2020-11-01,306.04259599435824,307.35708722963943,300.74736110283595,0.0,SPY
2020-11-02,307.83245849609375,309.84611633614765,305.07294666278125,86068300.0,SPY
2020-11-03,311.0860913879369,315.33719812431735,307.9164105336659,93294200.0,SPY
2020-11-04,317.77034919955645,324.37077048590373,316.5863884247595,126959700.0,SPY
2020-11-05,325.58275384512393,328.33293459503574,325.22849018781005,82039700.0,SPY
2020-11-06,326.22599947152867,327.698987397985,324.10044608617153,74973000.0,SPY
2020-11-07,326.22599947152867,327.698987397985,324.10044608617153,0.0,SPY
2020-11-08,326.22599947152867,327.698987397985,324.10044608617153,0.0,SPY
2020-11-09,339.3149351821384,339.69716549113775,330.07622803873187,172304200.0,SPY
2020-11-10,329.5447652736442,331.1202878435927,326.7666471055933,85552000.0,SPY
2020-11-11,332.2577623282602,333.3391883318111,331.0085361992471,58649000.0,SPY
2020-11-12,331.49329763734,332.55608865324723,327.4659524226816,67546200.0,SPY
2020-11-13,331.20433695058625,334.588448745892,330.68227309542385,62892200.0,SPY
2020-11-14,331.20433695058625,334.588448745892,330.68227309542385,0.0,SPY
2020-11-15,331.20433695058625,334.588448745892,330.68227309542385,0.0,SPY
2020-11-16,336.52750492383075,338.2055629393037,335.23164878994646,74541100.0,SPY
2020-11-17,335.58586975925397,337.40378942011074,334.06628033664794,66111000.0,SPY
2020-11-18,336.4621533023915,337.01218360433086,332.10848408318736,70591300.0,SPY
2020-11-19,331.5118985467382,333.917118547066,330.16010920079276,59940900.0,SPY
2020-11-20,333.2832111745545,333.48830967329087,331.1856245307985,70417300.0,SPY
2020-11-21,333.2832111745545,333.48830967329087,331.1856245307985,0.0,SPY
2020-11-22,333.2832111745545,333.48830967329087,331.1856245307985,0.0,SPY
2020-11-23,333.0781105421872,334.5138000241452,330.8313587818934,63230600.0,SPY
2020-11-24,335.80957866280096,339.16572247192084,334.95191485345305,62415900.0,SPY
2020-11-25,338.53188321502046,338.559849902193,336.99365851984436,45330900.0,SPY
2020-11-26,338.53188321502046,338.559849902193,336.99365851984436,0.0,SPY
2020-11-27,339.19368565139956,339.51065083422134,338.0190282177452,28514100.0,SPY
2020-11-28,339.19368565139956,339.51065083422134,338.0190282177452,0.0,SPY
2020-11-29,339.19368565139956,339.51065083422134,338.0190282177452,0.0,SPY
2020-11-30,338.25210166156023,338.5224652021991,334.84005289497907,83872700.0,SPY
2020-12-01,340.8065739456196,342.77363049931466,340.20991340115773,74231400.0,SPY
2020-12-02,340.1073539820607,342.10237707755493,339.52935690252815,45927000.0,SPY
2020-12-03,341.84131526240463,343.2490378942656,340.7412545654859,62882000.0,SPY
2020-12-04,342.4379517726704,344.79656982421875,342.3447200276802,50749900.0,SPY
2020-12-05,342.4379517726704,344.79656982421875,342.3447200276802,0.0,SPY
2020-12-06,342.4379517726704,344.79656982421875,342.3447200276802,0.0,SPY
2020-12-07,344.02286968163634,344.58223185090435,342.81094202350715,48944300.0,SPY
2020-12-08,342.81092050959734,345.66363609845934,342.76431885272535,42458900.0,SPY
2020-12-09,345.756856938236,345.91532532686597,341.1608184625429,74098300.0,SPY
2020-12-10,340.62005024527565,342.9413700309111,339.74372300685593,57735400.0,SPY
2020-12-11,340.18199254569345,341.8973491666036,338.6530994826332,57698600.0,SPY
2020-12-12,340.18199254569345,341.8973491666036,338.6530994826332,0.0,SPY
2020-12-13,340.18199254569345,341.8973491666036,338.6530994826332,0.0,SPY
2020-12-14,343.6685987530969,344.74999613084077,339.78105910860717,69216200.0,SPY
2020-12-15,342.51260685790055,344.55426025390625,341.1328791037592,63865300.0,SPY
2020-12-16,344.76867375400104,346.01789973177443,343.8830146707132,58420500.0,SPY
2020-12-17,346.7450524040855,347.2298177334712,345.9153267120729,64119500.0,SPY
2020-12-18,347.31496713442135,347.48348251320584,343.61682886083776,136542300.0,SPY
2020-12-19,347.31496713442135,347.48348251320584,343.61682886083776,0.0,SPY
2020-12-20,347.31496713442135,347.48348251320584,343.61682886083776,0.0,SPY
2020-12-21,341.697556038171,354.3273521272948,338.94502392425824,96386700.0,SPY
2020-12-22,344.73099432258715,344.843337922766,342.6900093950238,47949000.0,SPY
2020-12-23,344.79652407596075,346.0510751813986,343.8041175511873,46201400.0,SPY
2020-12-24,344.6092326171333,345.4986669509331,344.0194287959759,26457900.0,SPY
2020-12-25,344.6092326171333,345.4986669509331,344.0194287959759,0.0,SPY
2020-12-26,344.6092326171333,345.4986669509331,344.0194287959759,0.0,SPY
2020-12-27,344.6092326171333,345.4986669509331,344.0194287959759,0.0,SPY
2020-12-28,348.0359044143665,348.8317096835501,347.4086431182886,39000400.0,SPY
2020-12-29,349.97389999212953,350.1517868754694,347.1839102280351,53680500.0,SPY
2020-12-30,348.59761582943503,349.309163326104,347.87672541470425,49455300.0,SPY
2020-12-31,348.07329981131994,350.76966004136113,347.55838220794396,78520700.0,SPY
2021-01-01,348.07329981131994,350.76966004136113,347.55838220794396,0.0,SPY
2021-01-02,348.07329981131994,350.76966004136113,347.55838220794396,0.0,SPY
2021-01-03,348.07329981131994,350.76966004136113,347.55838220794396,0.0,SPY
2021-01-04,351.3782264882775,351.50931305450376,341.5571340888975,110210800.0,SPY
2021-01-05,344.6279883530067,348.7474151939953,344.58115947645473,66426200.0,SPY
2021-01-06,346.1353006445559,352.9417447610297,345.5829256357248,107997700.0,SPY
2021-01-07,352.11784037667184,355.6755204442164,351.9399535161333,68766800.0,SPY
2021-01-08,356.321532251662,357.1641376992517,353.0540825556069,71677200.0,SPY
2021-01-09,356.321532251662,357.1641376992517,353.0540825556069,0.0,SPY
2021-01-10,356.321532251662,357.1641376992517,353.0540825556069,0.0,SPY
2021-01-11,353.7562908815828,356.3121933540035,353.63457579782636,51034700.0,SPY
2021-01-12,354.7299563854463,355.6380765572961,352.3612553180215,52547700.0,SPY
2021-01-13,354.54270695675297,356.57432017615855,353.7562732681172,45303600.0,SPY
2021-01-14,356.3215771507239,356.8271519116291,353.99036178526615,49989100.0,SPY
2021-01-15,352.6982961647385,353.5034441983972,349.87087798649776,107160000.0,SPY
2021-01-16,352.6982961647385,353.5034441983972,349.87087798649776,0.0,SPY
2021-01-17,352.6982961647385,353.5034441983972,349.87087798649776,0.0,SPY
2021-01-18,352.6982961647385,353.5034441983972,349.87087798649776,0.0,SPY
2021-01-19,354.21504905656366,355.04831169178294,352.7264392445503,51233300.0,SPY
2021-01-20,356.80837306175,360.25373828155864,356.41517050960914,61836100.0,SPY
2021-01-21,359.9728892534959,360.4035778093052,358.8119673084487,47840100.0,SPY
2021-01-22,357.8756827558788,359.6358084093018,357.49182313387803,52860500.0,SPY
2021-01-23,357.8756827558788,359.6358084093018,357.49182313387803,0.0,SPY
2021-01-24,357.8756827558788,359.6358084093018,357.49182313387803,0.0,SPY
2021-01-25,359.2052127899676,360.23504819691135,354.32740898505574,70402000.0,SPY
2021-01-26,360.83420044671493,361.2461459790852,359.0834462199482,42665300.0,SPY
2021-01-27,355.97513497117694,356.06876414923863,348.2886565982593,123351100.0,SPY
2021-01-28,352.36128710070847,357.57612137191495,351.9212842090672,94198100.0,SPY
2021-01-29,351.677844227635,352.6515363137359,344.787141992205,126765100.0,SPY
2021-01-30,351.677844227635,352.6515363137359,344.787141992205,0.0,SPY
2021-01-31,351.677844227635,352.6515363137359,344.787141992205,0.0,SPY
2021-02-01,349.88960493835793,353.2787697068861,346.7625847217708,75817600.0,SPY
2021-02-02,355.441405608736,358.7837694748073,352.3237574408632,64450700.0,SPY
2021-02-03,358.0535040452946,359.2331685909312,356.2184925299992,52427100.0,SPY
2021-02-04,358.54040499201744,361.6112534277355,357.61354185359323,47142600.0,SPY
2021-02-05,363.44635381760435,363.69912692297333,361.51771245232595,48669800.0,SPY
2021-02-06,363.44635381760435,363.69912692297333,361.51771245232595,0.0,SPY
2021-02-07,363.44635381760435,363.69912692297333,361.51771245232595,0.0,SPY
2021-02-08,364.44802795313245,365.6557785722611,363.58670813187786,38365200.0,SPY
2021-02-09,364.7664271164769,365.96483509055435,364.3545100899111,35551100.0,SPY
2021-02-10,367.1163783725252,367.26617936633164,362.79097824847963,59154400.0,SPY
2021-02-11,366.2924373552477,366.71375437873075,363.3526753951774,42913300.0,SPY
2021-02-12,364.991107606842,367.84661204525264,364.91619282989626,50593300.0,SPY
2021-02-13,364.991107606842,367.84661204525264,364.91619282989626,0.0,SPY
2021-02-14,364.991107606842,367.84661204525264,364.91619282989626,0.0,SPY
2021-02-15,364.991107606842,367.84661204525264,364.91619282989626,0.0,SPY
2021-02-16,368.8390347079105,369.03566457729363,366.56399111891034,50972400.0,SPY
2021-02-17,365.52475715839137,367.62191370338655,364.5042362118772,52290600.0,SPY
2021-02-18,364.7476533030153,366.5545793175443,363.01561348886065,59712800.0,SPY
2021-02-19,367.06950298187,367.35973341937574,364.7101735265169,83241000.0,SPY
2021-02-20,367.06950298187,367.35973341937574,364.7101735265169,0.0,SPY
2021-02-21,367.06950298187,367.35973341937574,364.7101735265169,0.0,SPY
2021-02-22,362.37906856941146,364.77582756459213,362.0794665521086,67414200.0,SPY
2021-02-23,360.13211199714294,364.1485676282452,355.95651243671296,107284100.0,SPY
2021-02-24,361.69554661169246,367.2193543140166,360.7031400947551,72433900.0,SPY
2021-02-25,365.51541540553666,366.8916816430611,356.4994701119192,146670500.0,SPY
2021-02-26,359.84182772757856,360.99337817096534,354.1120756951056,152701600.0,SPY
2021-02-27,359.84182772757856,360.99337817096534,354.1120756951056,0.0,SPY
2021-02-28,359.84182772757856,360.99337817096534,354.1120756951056,0.0,SPY
2021-03-01,361.0026839459195,365.99283019760054,356.30279669644193,105348800.0,SPY
2021-03-02,364.9630301753362,365.19708885839384,361.3866066410272,79595300.0,SPY
2021-03-03,361.19003539642364,362.16369902738325,356.9956931613012,119940200.0,SPY
2021-03-04,356.91136618185686,359.51409730594685,348.166938181186,183433000.0,SPY
2021-03-05,356.1999085525124,360.2257356128901,348.87857362645343,152039600.0,SPY
2021-03-06,356.1999085525124,360.2257356128901,348.87857362645343,0.0,SPY
2021-03-07,356.1999085525124,360.2257356128901,348.87857362645343,0.0,SPY
2021-03-08,360.13201819714425,362.9594365096086,357.09862712207564,123149200.0,SPY
2021-03-09,361.24618840423545,365.0472992498292,360.7406136330213,113633600.0,SPY
2021-03-10,364.84125139222533,366.4422045047818,363.4181851334653,109899400.0,SPY
2021-03-11,367.2193686481361,370.421275513694,366.76059418897574,86245000.0,SPY
2021-03-12,367.06951941078046,369.07304666812473,366.2549998515435,64653600.0,SPY
2021-03-13,367.06951941078046,369.07304666812473,366.2549998515435,0.0,SPY
2021-03-14,367.06951941078046,369.07304666812473,366.2549998515435,0.0,SPY
2021-03-15,369.18539790534726,371.3949265422265,367.03206963349646,73427200.0,SPY
2021-03-16,371.75070850094045,372.4622274237906,369.88758207279375,73722500.0,SPY
2021-03-17,369.37265796859043,372.7337369575825,368.22107905505703,97959300.0,SPY
